developer_id,game_id
1140,14276
1231,3775
1742,5694
1919,22106
1919,3880
2067,15479
2067,15474
2067,1625
2067,1386
2067,1388
2067,1389
3332,9616
3434,6254
4879,1475
1177,20060
2269,8510
2269,5045
3677,25928
4166,13593
185,4704
185,1317
1893,7203
1936,8607
2916,7546
3858,2621
4340,5143
4893,25276
4893,11393
4973,14976
5471,17397
5471,5452
5471,1847
5471,1154
5471,1129
5610,2770
422,11935
422,9699
422,9296
422,7704
422,6960
422,6689
1508,4023
2557,8595
2785,2086
3008,14307
3008,7050
4016,5982
4837,18888
5953,1311
4332,4991
4570,10068
4666,2471
4738,10662
4738,7081
507,24576
507,8679
507,8268
507,7387
507,7389
507,7043
507,6871
3414,6336
3414,5817
3914,12154
3914,10889
3914,9151
3914,8919
5815,3626
5815,3627
5815,2848
5815,2111
1471,14655
1683,14181
2876,16952
2876,13212
3222,24973
3222,11809
5298,3329
3253,21079
3253,7375
4532,12372
6066,18327
31,1205
397,4924
1960,2901
2074,4036
3874,3382
3937,11464
4392,12382
4392,2274
4702,16646
5191,1976
5462,25161
5713,2777
953,9340
953,3908
953,2305
991,4140
1862,14407
2866,6780
5275,6410
1002,11620
1002,4188
1302,17415
1665,10988
3952,18241
5534,25643
5732,10574
1812,9861
2474,7020
3834,14549
4225,6860
4225,5120
4521,20381
4918,18405
1178,20619
1178,16610
1178,15971
1178,14729
1178,13980
1362,12373
2304,16031
3173,12597
3563,6260
3571,1689
996,4155
1418,2191
1957,24398
1957,18198
2900,25133
2900,13397
4377,17070
5085,1759
5902,9388
538,26518
2965,25917
2965,24353
2965,23765
2965,17594
2965,17473
2965,11880
2965,564
3940,2993
4273,5388
4449,4237
4328,1077
4671,5781
5549,1918
5995,19433
5995,9675
827,2952
827,1496
1714,11658
1714,10934
3941,26080
4015,9697
4015,7567
4281,5122
5402,1642
508,9217
1046,1436
3780,7168
5001,10807
5001,6499
1168,12872
1168,3737
1168,2158
2330,9555
4657,16466
5349,12337
1113,1077
1915,3843
1915,2646
3103,14535
3534,14552
4871,4746
4871,1866
4871,1460
4871,1320
4871,1103
5305,8717
669,1711
4637,17329
5559,9515
1524,3763
1865,1965
2352,3516
2822,9765
4463,15389
4615,2107
5043,3621
6022,20537
592,3491
2517,10543
3645,9511
4238,2847
5161,6002
5601,8677
5634,4954
1368,18756
1395,15013
1395,8920
1395,4946
2464,3599
2514,18696
2514,6563
3056,6798
3300,1262
3300,1259
3721,5258
3946,2160
1240,15029
1439,1430
1855,13953
1927,16860
5401,8121
5684,3057
5981,14122
1187,4018
1343,11746
1992,3641
2322,11847
3400,6565
4103,2381
4980,11817
4980,7493
5050,11709
5055,16531
5735,4408
5735,2913
5735,2914
5735,2620
5735,2228
301,22783
1464,17265
1464,2153
2068,1687
2298,3226
5412,13435
95,24732
2471,14289
3401,2316
4641,26961
5132,11478
6025,17270
94,2432
620,12747
1773,8740
2057,16019
2420,1271
2420,1272
2420,1273
2420,1274
2420,1275
2563,4432
2621,6672
4129,16304
4129,11114
4458,12039
4869,4778
4869,2051
4869,1849
5856,4362
5856,4272
1071,3482
1865,1350
2403,3113
2403,3050
2875,15318
3019,18156
3019,8403
3019,5861
3019,3718
3054,2355
165,9839
1648,1965
3666,6930
3910,6496
5172,13417
5765,13188
5990,10731
210,24293
357,23410
484,11203
484,9783
610,18465
2679,12480
3322,7832
4151,6589
4151,1603
4386,1334
4386,548
4413,1140
474,16989
1865,1445
2302,21499
2903,6008
3162,7093
2523,26384
3022,3877
3294,9626
4398,8450
241,2463
1353,16179
2102,2950
2250,7472
3650,9102
4518,5138
4526,2346
5146,24050
728,2961
1804,18462
1804,2114
3536,1593
4379,12435
2575,15515
2814,12542
2901,11627
3695,6079
3973,7777
3973,5816
3973,2517
3973,2403
4227,12556
4405,14609
4451,18565
4876,7549
4876,919
850,19296
850,10160
1215,20668
2136,11797
4091,3495
4524,6971
4808,10898
4885,23702
4885,23703
4885,15124
4885,15125
4885,3535
5385,4058
6040,17723
320,17197
320,11284
320,3680
344,14622
484,7911
2267,6823
2846,20192
4468,12067
4708,6667
5076,21732
5076,4159
160,22703
160,22205
2718,2809
3262,2032
4412,2744
4412,1136
4412,1137
4412,1133
5681,9957
191,2890
535,3879
1530,20602
1865,1351
3471,8024
4381,10760
4677,8818
4774,2603
1423,1086
1579,6851
1611,3244
2698,10179
2698,7736
2698,6707
3080,3146
3080,1364
3455,5548
3966,14387
4282,11130
5019,6022
234,7349
452,2290
466,10096
1032,25716
1965,22018
2862,742
4375,2813
2839,8220
4782,3829
5409,24495
1792,7563
2256,19884
2256,3731
3063,2652
3527,6183
4232,16409
4232,4851
4434,11813
4478,3199
4560,4859
4560,4621
1905,2581
4562,13920
4776,17654
4779,12459
4966,17891
4966,4961
5297,9414
5297,6800
20,16637
1247,11282
1300,9451
1810,10447
1810,9925
1810,8023
1810,5720
1810,3625
1810,3489
3238,6063
3409,3783
3409,3784
3409,3079
3409,2260
3575,9180
3575,9155
3575,9149
4609,12117
5480,21906
5480,15722
5866,8165
825,965
2650,9746
4323,9059
5581,22023
5581,21230
5581,20868
5581,20838
5581,20095
5581,17509
5644,19722
382,14621
626,6399
1057,7278
1196,7984
1702,2236
2659,8272
2660,15523
2660,8176
2660,6710
4072,15831
246,7215
1155,5447
3310,9787
2483,18916
2483,14010
2483,5665
2781,23282
2781,12648
2781,3450
3406,3959
3620,2500
5680,8684
5680,8407
5680,5108
5680,4489
5680,3159
1352,6581
2964,7435
3298,13741
5906,4090
795,23490
1008,15802
1312,1202
1797,7619
4116,4639
4901,26138
4901,7930
1825,8911
1893,9883
1893,9879
1893,7616
1893,7613
1893,7601
1893,3437
1893,1852
3396,2705
4259,13030
558,10502
2110,26120
2110,1575
4094,3756
4362,12867
2150,23674
3286,11462
3286,8359
3286,7729
3286,2580
4305,10343
5368,11341
584,3123
2241,3494
2779,15832
2996,10575
3123,5031
3275,7969
3766,1305
5078,21430
5078,17410
5078,14039
5078,8522
5213,17280
5213,11928
5736,3602
174,9043
805,7816
2283,4844
686,10154
1486,8871
1486,8873
1486,8874
1486,6528
2880,6276
4926,1382
4926,1328
5775,9035
5775,5128
5875,9201
5875,2647
6049,46
586,8454
2323,12693
2323,10231
2323,10182
2323,2692
2374,1680
2684,9922
3193,10644
5187,13539
5246,14310
224,9156
628,15517
1765,13669
4207,23762
4207,18074
4207,15798
4207,13490
4207,12398
4207,10906
4207,8659
4207,7309
4554,1305
751,11219
1885,24365
1885,16188
1885,3163
1989,13611
1989,9786
1989,3872
1989,2796
3153,21268
3628,20192
3632,3137
4049,9400
1511,2328
1511,2049
1910,18964
3495,9878
3495,7968
4031,5162
4203,21782
4427,3822
195,7061
1097,3720
1161,1563
2635,9902
2887,24355
2908,15799
3090,5157
4561,2577
4561,1901
4689,21832
4689,12093
5323,12556
5351,14429
5351,5429
4283,4419
249,19443
495,3081
1364,15026
5593,10579
268,6905
314,16384
1099,8815
1134,5428
1134,3158
1134,1953
1871,4799
2262,5317
3742,13962
4778,5188
5065,10224
145,9855
145,6963
310,10803
380,4470
717,21092
717,12967
717,11831
3187,2037
3593,8422
3608,13695
3608,8886
3608,1700
4412,1139
5319,9074
5534,13727
5534,10013
5534,5670
5534,4567
5534,4532
5534,2862
5534,2023
5534,1864
5534,1336
5534,1298
5534,1299
5534,1192
5534,1193
5534,1184
5534,1185
5534,1181
5534,1182
5547,21690
1025,11642
1025,2706
2408,12510
2743,3599
3646,13775
5941,17151
769,10563
769,9636
769,8166
769,6886
769,4486
1314,9116
1314,8491
1867,5118
2685,5443
2714,7139
4176,3795
5391,20984
5391,6349
5391,1678
60,9356
888,5933
1164,24918
1789,4647
2253,16063
3452,9880
4672,3415
5051,4877
5352,12277
5692,2222
213,6584
670,15382
711,14554
711,10401
1590,4663
4075,3990
4075,2377
24,8937
1865,4103
1901,2575
2211,22392
3310,3772
3934,2669
3993,13333
4230,4434
4523,3920
4999,7571
4999,7424
4999,5367
4999,4344
5761,3084
5772,7869
5794,15773
143,18276
615,13478
1101,8681
2678,6658
2997,3742
3496,8356
3560,12045
3656,21060
3656,2490
3922,4603
5407,16877
5407,13743
5907,3547
1884,4200
1964,10372
2020,12431
2340,21943
3320,19127
3320,11167
3808,19344
4268,6976
4536,6086
5238,11768
1206,14156
1206,13645
1206,3596
1206,1257
1206,1258
2789,6701
5071,9491
5071,1961
5071,1066
5223,6797
1321,27049
3745,15196
4086,9864
4387,15688
4387,6029
1216,2672
1230,5635
2407,16511
3726,15648
3726,3395
3837,9457
4026,26644
4026,14874
4026,7132
4240,14659
4240,10320
4277,6392
4634,5220
5480,15556
5859,5811
5937,15831
882,10073
885,13897
885,11175
887,6848
948,10293
948,4779
3293,11275
5619,5972
1531,11081
2148,23034
5208,25792
5208,22369
5208,22333
5208,22277
5208,16801
5208,15518
5208,13649
5208,10587
5208,6383
5208,4484
5208,3862
5208,2181
5683,21864
5683,16366
5683,11053
5683,6720
4,13048
2416,2485
3364,15586
3364,9453
3552,4575
4403,25018
5689,12562
886,1837
3197,2068
4185,15204
4185,3741
4218,6504
4275,13423
5090,2585
5211,22729
5910,14691
378,8562
1022,1538
1255,10157
3450,8444
4152,10537
5749,7144
616,9969
616,2169
616,1263
616,1264
1630,6658
1759,9727
2049,8515
2049,8128
2445,13821
2666,26028
2666,7783
3305,6758
3673,10409
4263,9098
922,2353
1297,7713
1297,6782
2021,4464
2365,11052
2365,4507
2370,2497
3545,3653
3709,10651
3709,5581
5756,2080
205,1577
1739,9623
2265,3791
3954,13617
5323,3808
530,23335
918,9576
918,6423
918,3917
1544,10793
2192,16160
4243,25816
5250,4775
377,8242
377,7057
377,2382
1112,4800
4986,23057
4990,10012
5632,4067
2320,3772
3715,3616
4723,12926
5026,26353
506,12300
1865,7614
2946,1858
3620,1319
5541,21690
765,3534
765,1402
865,24319
1298,25096
3371,2670
3993,5559
4951,8652
4975,20060
5280,3058
40,6126
693,7614
750,11797
983,6781
1014,2135
1512,6814
1512,6596
1512,4836
1512,4004
1512,2817
1512,2095
1512,2096
1512,2097
1512,1851
1512,1750
1512,1685
1512,1118
1512,1119
1512,1120
2405,25549
2405,19171
2405,18575
2405,11934
2405,11145
3555,3298
4177,5453
4177,1508
4565,16771
5889,14684
292,5205
350,17810
350,16942
350,13856
350,11749
350,11435
350,8543
350,6838
350,6367
350,5226
350,4323
350,3911
350,3356
350,2631
350,2514
1995,4586
1995,3816
2147,9623
3765,7119
102,23837
1674,6601
1692,24282
5087,12758
2667,20341
2667,14660
2667,8691
2667,8429
2667,7172
2667,5347
2667,4513
2667,2264
4445,9427
5605,8828
5759,9337
565,3999
715,1167
3211,20563
4326,7551
4326,2624
4957,5005
1132,2765
1909,11083
1909,9509
1909,8479
1909,8382
1909,7818
1909,7005
1909,7006
1909,6231
1909,6232
3201,16019
4453,12126
4453,11285
4453,11151
4453,10732
4950,8672
4950,3390
5328,3508
5443,6097
5443,4656
5443,3229
5549,12613
3468,4508
3972,5055
4841,2243
5058,4229
5544,10004
5544,1199
296,6511
4051,15264
1625,1643
2434,4013
2434,3345
2434,3346
2434,3338
2434,3339
2434,3285
2434,3286
2434,3020
2434,3021
2434,3022
2434,3023
2434,2313
2897,2321
4467,7792
4467,7444
4467,1318
4575,22615
4575,10261
218,9351
694,22825
1687,15010
1807,6954
2105,19840
2714,5173
2796,10677
2977,5562
4028,7044
4028,4906
4028,4405
4028,2139
4223,7780
4223,3280
4223,2704
5562,9416
653,12294
653,4739
768,7446
1252,12332
1899,7
2554,2036
2753,9093
2908,25905
2908,20182
2908,17806
2908,14392
2908,12263
2908,3124
3208,8365
4120,10572
4678,13035
1282,11050
1282,7473
1717,3498
2045,3457
2483,9380
2483,5192
4167,3053
4298,1958
4859,2443
5082,22091
5103,21575
5538,3442
5826,4500
395,12347
1267,9129
3169,1583
3372,17590
3605,8785
1283,12480
3486,10041
4222,17031
4222,3072
4830,10472
5137,3941
120,2944
416,14449
416,14413
1018,9763
2694,22815
3348,9410
3348,4857
3517,3240
3669,9943
4084,25090
5195,26109
703,4414
1228,1610
1541,8776
1541,4547
1785,3969
1785,3739
1785,3481
1785,2857
1785,2815
1863,6930
4002,7764
5358,14818
1280,18101
1512,20848
1635,14721
2467,2566
3820,3419
4590,2759
5184,17660
2093,2237
2772,18949
266,13062
665,4811
707,11521
1080,6792
2011,5307
2011,2012
2011,1491
2011,1401
2011,1101
2011,1099
2011,1096
2011,1097
2011,1087
2011,1085
2052,4251
3224,11709
4952,8627
5228,13256
5623,3312
5783,6972
562,9601
984,7209
2485,2988
2893,2663
4465,2385
243,2224
243,1434
652,4181
3168,14492
3500,14568
4048,25146
4048,25150
4048,25154
4048,2195
4567,18101
557,957
2124,25696
2124,25497
2124,7305
2124,6970
2124,6966
2124,1345
2170,2731
2170,2281
2358,13505
2955,9329
3514,15145
4122,3423
4474,9276
4474,6924
4474,6202
5171,7334
752,16509
1913,10940
2438,8456
3349,4613
4068,22824
4068,2938
32,2409
32,2373
2300,1969
2917,6159
3024,8793
5098,13638
70,7125
70,7129
777,4639
1851,19494
1851,12317
5558,12683
5584,3372
1735,5351
5143,8104
5503,26929
2090,4027
2218,24600
2218,2543
4954,24631
5903,14921
5903,14633
245,3968
705,4967
1263,5732
1976,4801
3158,1921
3398,19774
3827,2707
4910,26470
4910,9966
4910,2326
4910,1553
5489,7734
283,11748
593,3120
1292,3091
2188,2959
3604,2447
3698,5584
5827,12273
322,3405
612,6125
2577,9591
2824,23712
3607,1543
4142,8736
4734,3704
4734,3434
4734,3112
108,11748
489,14105
489,9545
873,1479
2328,23710
3182,14273
3518,23895
3518,20401
4346,5935
5527,9404
633,5450
775,6229
1204,6930
1466,4097
2624,4721
2624,4635
2661,15708
3987,22431
4112,20550
4112,5762
4112,5644
4112,5523
4112,5436
4112,5210
4112,5196
4112,4563
4494,13487
1188,1330
3096,1355
3295,20192
3755,7414
3755,5404
3755,4049
30,3183
30,1381
30,1354
871,2578
1030,17753
2535,13098
2535,13060
2535,11373
2535,7417
2535,7166
3043,5825
3115,14750
4221,9919
4221,2105
4652,1465
101,5378
1141,7219
2154,8518
2376,7821
3784,14985
3894,7175
4668,4384
46,7614
1055,15213
1055,7361
1433,16731
1433,3469
1433,1825
3031,3066
3031,1107
3470,8079
4531,17427
4531,14236
4531,6743
4665,26855
4665,12158
4665,4519
4665,4497
4665,4492
4665,4487
4665,4488
4665,1513
5576,25622
2363,21736
3130,20849
4206,6042
4633,13594
5686,15430
5686,15093
5686,9502
5686,8009
5686,7962
5686,4256
5686,4002
438,9456
1029,9686
1029,6828
1581,22981
1863,1351
1902,7230
2828,6585
3863,13801
4013,6275
4315,18471
4315,10065
5821,24689
277,6100
1966,9282
3722,8170
5445,3804
644,4667
712,6454
712,2248
2004,11741
2400,7811
3164,5497
3777,22029
5130,22637
5430,19866
5430,15114
5534,3646
292,15624
292,4293
889,8521
4169,1757
5613,11248
5613,7996
5613,6179
5613,3326
5788,5820
1398,14330
2275,10635
2275,7967
2825,13862
3925,9401
5895,9550
486,6277
3484,18826
3484,15542
3484,1855
4804,14539
5152,11777
3267,15839
3267,6157
3288,19333
3288,15345
3288,7875
3288,7042
3288,3647
3288,2751
3288,2591
5270,11062
5270,7512
1772,8778
2155,1823
3661,7260
4106,1737
4572,25816
5702,19746
6016,18621
13,13568
13,12518
13,11656
13,9853
13,7655
13,7502
13,3774
222,11196
2472,7891
2472,6096
2472,2183
4367,4112
5811,12737
5811,3412
1252,24552
1588,7731
1588,1922
2206,6586
2398,26301
2398,19132
3352,6356
3693,5207
3961,9601
5141,6741
5141,5415
5141,5411
5141,3603
5141,3105
5141,3106
5141,3067
5141,1629
5364,5841
413,24365
413,16188
413,3163
690,9210
1082,2988
3805,22245
3933,13312
5230,17813
5230,1682
5936,24232
6013,18418
2632,2994
3918,25995
3920,7934
3976,15037
4825,4726
4825,2520
5495,1536
1062,7276
2109,1978
2247,3896
3614,25715
3614,25275
3614,24740
3614,17906
4539,12307
5860,12230
209,20476
260,14971
260,13482
260,12438
260,12153
260,12002
260,10818
260,10217
1234,2763
1596,3372
1619,24129
1619,19630
1619,18314
1619,13839
1619,13840
1619,8278
1619,6778
1619,5390
3581,9871
3998,15990
3998,7668
3998,7409
3998,7369
3998,7073
3998,7074
3998,2159
21,6647
547,10374
547,3751
547,2677
1652,3220
1652,1787
2115,4976
2692,5476
3565,7304
3589,17050
3600,2031
3803,6906
3803,6904
3803,4638
3803,3998
3803,2985
3803,2571
3803,2475
4032,3457
4947,22693
229,8673
374,6881
755,20745
1412,13705
1839,1813
2064,4600
4173,25746
4797,10707
4944,14717
5066,22549
5711,20075
5711,19148
1211,13800
1278,5356
1411,12246
3186,4137
4352,5881
4542,13952
5133,4482
1026,8935
1940,4960
2018,15741
2018,10366
2018,8884
2018,8885
2018,5661
2644,2320
2967,1931
5649,3851
5878,18088
6009,656
4061,11063
4061,10025
4276,4890
4908,8149
4908,5243
4908,2558
5682,23459
1462,2258
2063,3966
2071,2138
2308,9765
3016,24702
3415,20193
3427,4447
3770,16488
4415,1139
5282,5989
5766,8343
127,2225
928,25631
1865,2318
2584,5112
3138,21903
4325,1403
4325,1213
4339,1795
5185,10214
5258,2524
5437,8970
1100,4050
1461,20538
1554,2963
2334,5725
2334,5456
2334,4047
3749,9616
5672,24174
501,6757
2490,4084
2490,3726
2490,3727
3549,8043
4100,5156
4210,3189
123,26705
443,20246
452,1883
833,4887
2080,4941
5264,4784
5421,9743
427,16505
427,4643
1324,13732
1324,3887
2426,14583
2643,24238
2643,24206
3592,24524
3592,9888
4057,10839
441,4529
2014,21751
2014,6103
2487,14174
3117,15488
3345,16973
3935,19004
5307,25491
5418,3063
5952,6313
5957,12422
5957,8693
5957,2324
5957,2015
1511,9543
1569,5539
2299,19465
4311,19065
5656,10273
29,1309
671,3515
2110,13818
2110,7439
2110,2333
2110,1862
3577,3089
4796,17536
144,13838
144,9225
740,8616
1344,7826
1713,2971
5863,3421
43,2345
2759,20751
5545,10199
189,2878
1179,7363
1179,5185
1484,4796
1484,3815
2158,10700
2388,15338
2737,13926
3081,7836
4247,9930
4247,1492
5028,20780
5217,1521
5524,1657
350,11631
1896,11397
1907,4591
2757,9041
3774,4481
4034,13073
4211,2276
1863,3059
1863,1840
3068,15908
3068,10298
3068,233
3451,17406
3451,13399
4548,2681
1036,10007
1169,5420
1920,1440
2251,18890
2251,879
2641,3114
4995,5995
5532,9404
5611,10226
5611,583
41,8318
1253,3707
1763,9544
2442,2306
2442,2307
2672,3484
3052,16406
3052,4475
3510,26390
4868,6570
5381,15422
3482,12836
3620,27018
3620,2445
3620,2200
3813,6118
5131,11029
2139,2428
3399,10499
3641,3768
3947,10987
4040,11850
4772,1920
4993,6582
4993,1075
231,9072
231,6608
964,4130
1367,9247
1367,2617
3483,13262
3483,6769
3483,4231
3483,3973
3846,1630
4567,7653
4891,1658
156,3139
619,19193
656,1528
890,12138
1500,20700
1880,3034
2319,20705
2528,9297
2589,1966
5166,25492
5676,12789
1286,7491
1419,2892
2248,2209
4280,15804
4380,16838
4913,18325
5012,7438
5012,4695
5012,2247
5710,25948
5932,21864
5932,16366
5932,11053
5932,6720
5,4769
164,26335
164,21483
1044,12745
4069,26848
4402,2259
4758,5194
5712,16494
842,4666
3055,6436
3829,20929
4280,15667
4280,4122
6028,20647
912,10328
912,10104
912,6493
1575,10099
2114,5703
1311,5233
1627,2390
4080,17155
4251,4395
4545,3305
4945,4938
1390,13599
2483,5417
2483,5352
2713,8399
3731,9027
3731,5487
4846,2187
4884,19917
4884,1516
202,14777
565,13767
1124,14027
1442,7779
1442,2283
3491,2793
3491,1981
3618,3441
3618,2375
3618,1696
3618,1098
4188,4981
4576,11754
733,7838
2073,17239
2645,13733
3678,6861
4180,5641
4180,3272
1273,13361
1997,26668
1997,26626
1997,25521
1997,15970
1997,15954
1997,14460
1997,12753
1997,10064
1997,9681
1997,8434
2647,7985
3613,12918
4290,9377
4418,7054
34,6036
355,8623
699,7539
2092,1156
3360,3547
3758,14006
3758,7016
4104,19022
4104,9775
4512,10131
5104,1419
5432,4267
5893,1893
199,8537
445,17431
1766,3613
2940,1186
3342,23898
4095,4678
5323,15578
5436,14748
5436,12894
45,1115
810,18323
810,7124
3311,4723
4063,1307
5786,7133
5845,10634
5845,6004
5845,6005
1341,26965
1341,26963
1341,2761
2348,15130
5334,11992
5334,4235
737,6850
2544,16704
3112,9092
3913,2252
5002,25024
5002,21815
5323,14579
1431,11601
2307,8065
2761,4792
3333,7262
3979,25389
594,21586
812,11190
1127,10974
1514,5576
1648,12736
1648,11644
3525,10682
5590,13919
5704,13536
365,4900
1438,24821
1516,1997
1874,9147
2182,16080
2182,8267
2980,20778
4454,22643
4914,12194
5528,21690
5530,24840
5530,9803
642,3473
1393,22193
1784,2019
2433,1929
3185,14467
3185,10765
3185,8469
3395,2083
4715,4467
5974,7802
3100,5496
3144,15900
3144,1984
3154,14960
3154,7112
3154,5020
4867,5107
5274,18403
2818,12116
4347,9736
4739,13494
5069,1365
5183,12650
5183,2449
5183,2147
5651,9492
1843,17508
2059,4205
2122,13311
2615,16134
2711,19216
2711,7078
2711,4174
3781,10196
3781,9613
1413,2165
1413,1260
2079,14901
2383,3005
2406,7098
2406,2598
3884,18879
3884,8275
3884,8264
3884,7051
3884,2965
3884,2379
3884,2364
3884,1944
3884,1886
3884,1789
3884,1679
3884,1383
3884,1361
5227,13400
6007,26970
6007,13281
6007,13282
4635,8601
4854,5714
4862,1794
4979,10037
5147,4088
5741,18541
5869,23394
342,25394
848,8699
1125,3237
2099,2343
2663,23132
4245,13074
5045,4750
5347,1509
55,13811
533,11185
533,11136
749,11404
749,9273
749,4385
749,4290
749,4203
749,2752
749,1874
897,15412
1119,4028
1460,11869
2030,5028
2030,1848
2904,15282
2904,10048
3791,22998
3825,24175
5310,23028
5648,10117
416,2060
2100,4637
3454,16864
3454,1973
5408,5750
5408,5752
5408,5488
5485,1676
5551,7834
5653,8080
5857,19934
38,13788
38,8033
417,4263
571,3082
2858,12157
2858,7974
3551,20060
4866,13402
4866,11676
4866,6021
4866,2673
5594,3277
1794,17754
1794,17747
1794,17751
1813,14439
1813,7270
1813,2255
1935,3275
3466,2473
4610,6213
818,15781
818,2932
834,16688
1587,12947
1861,7358
1868,3035
2002,13350
2002,2972
2002,1684
2002,1677
2094,13654
2191,6478
2194,2974
2923,15289
2923,4661
2923,2555
3242,4588
5948,14937
1358,5422
1837,7101
2117,17877
2143,6824
2626,2614
2911,6772
2972,13422
3942,3449
5067,25686
5273,15031
194,3387
390,9040
495,6356
684,8975
1379,3397
1883,11274
2017,14623
2813,22911
4446,5424
5888,3638
5915,2006
5915,1524
951,17938
2310,15478
2310,6660
2310,5153
2310,3522
2310,1897
3313,15703
5003,2522
1422,17194
2394,15445
3205,13453
5670,1156
739,24672
997,24366
997,24367
3073,4768
3603,24462
4715,5894
4886,14065
5596,13706
1301,14263
1459,9183
3258,15057
3258,11108
3860,26578
3860,10127
4877,2391
5038,4369
5432,13601
5432,4291
5432,4271
5432,4225
5432,3818
5432,2157
5432,1502
5432,1367
3891,3620
4178,6424
4432,20307
5969,26799
99,6456
714,3299
861,3630
1676,2615
2145,25123
3986,12152
2417,10425
2735,16860
3425,12758
5877,7790
831,19393
1493,7674
1864,23992
2249,19879
2249,11697
2249,10722
2425,7436
3260,6227
4489,4805
5155,14693
5438,9267
5438,4444
5438,2682
5447,4849
6017,26712
6042,25901
1180,13291
2396,8733
2545,13454
2545,12971
2545,10059
2722,8258
2988,11130
3631,5150
3631,2486
4717,4305
4818,8049
4955,5884
5534,1297
151,11196
2364,9517
2364,6751
3799,3052
4883,6031
5189,15577
5216,12618
5332,21047
2671,4008
4373,8977
2522,16317
2522,6194
3097,8383
3139,17275
3139,15487
3528,4542
4338,24630
4338,16392
223,6475
1403,4812
1638,21447
1638,11439
1638,6080
1638,4752
2691,1498
2945,3278
3010,7678
4903,2714
155,3065
325,16104
325,10507
325,7536
866,11601
1863,12699
2498,6375
3494,4992
3905,10485
4749,5569
4749,3857
5259,15570
1013,9995
1370,6174
2731,20745
2984,12480
5445,8153
5445,1349
5445,189
5484,2643
1059,2479
1135,9837
1574,5640
3190,5287
4029,4871
4857,6983
5100,7716
458,9670
648,4352
3379,13468
3379,10166
3379,9138
3379,8762
3882,9114
4007,12714
4754,2262
4769,23830
248,7093
2657,19291
2657,7622
3868,17521
3868,14555
3868,9103
3868,9080
4515,7450
5533,1190
1258,6914
1770,7763
5168,5913
611,10198
1397,6568
2552,17085
3220,19283
3546,14990
3906,20167
5481,5382
5481,3899
1695,1270
2309,15480
2524,5019
3402,4347
3402,2440
3671,6429
3991,2467
152,19831
3507,23223
3710,3300
3889,23720
4742,17670
3110,2203
3574,2909
3957,2640
4369,4470
4926,10931
5461,2329
5621,1379
6060,26867
1348,1308
2448,11073
3272,17858
5575,6468
179,7406
2153,2506
2771,4822
3196,17572
3517,8710
4287,15271
5598,11827
7,1714
2889,210
3428,14048
3428,8898
4247,7007
4675,4947
5063,4360
1865,1989
3017,9140
4457,4601
5533,4619
5533,2430
5985,24209
232,16962
361,19521
1775,19573
1779,10085
2171,3499
3405,19168
3670,12852
4691,3923
5312,5778
1276,6093
2547,13797
2547,8387
3042,6024
4882,5812
4889,3313
4889,1500
5229,7801
432,18969
1058,24989
1058,2592
1058,1908
1058,1507
1698,4498
1835,11241
1941,7290
4707,3922
4773,19864
5611,4274
6000,18698
4495,20426
4495,9372
4881,10005
5543,1620
5568,3738
284,13979
284,1975
2751,5422
4856,14514
5212,1441
5212,1442
5507,12529
3439,9744
4145,3889
4296,1204
4296,1189
4391,11515
4819,1669
5079,8014
5218,12636
5337,11789
5337,2826
5337,2827
5415,18383
5735,10005
411,4516
921,5839
1232,11618
1603,1722
1826,24044
1840,1970
1942,11858
2928,2936
3167,16860
4383,9765
4486,17354
4687,2244
605,12111
1407,5155
2961,9706
4205,14280
5478,19606
171,6637
1222,7807
1227,17866
1227,11638
1227,10327
1227,7570
1227,7261
1227,5513
1227,4204
1227,2319
1227,2029
1227,1697
1227,1644
1227,1594
1227,1377
1865,5340
1865,1310
5167,4294
206,11870
3223,7798
3909,2576
1443,5205
1911,3319
5961,7700
97,2206
5365,25995
5557,4442
6029,26908
2012,7244
2012,6591
2515,13299
2515,4187
2515,2251
4139,4270
4991,10197
5286,9972
4337,15451
989,6017
989,2741
989,2335
989,1621
1256,2321
1556,16141
2209,14173
5097,4685
5115,5036
1525,8807
1525,3666
2507,12744
1213,1809
3681,17892
3681,13575
3681,9817
4595,8869
5216,10360
5346,6654
5823,3369
3736,5003
4879,4594
4879,1717
82,15379
82,14541
82,9816
82,8344
774,7337
1829,12669
2360,13361
2508,19518
3685,2211
4477,24779
4477,19234
4477,11885
4477,8485
4895,6920
6061,26266
457,20854
709,8298
1865,2648
1865,1315
2391,5904
3371,2924
3511,14638
3511,10580
3511,10585
3511,1477
4288,10362
5350,2025
6053,24043
999,6149
999,5176
5316,4528
5531,12613
602,10134
937,10345
937,3324
2656,6084
2656,2405
4459,4495
1103,19321
3239,6246
3792,6325
3871,7653
5010,22732
5787,19670
5787,16717
5787,7096
6065,5183
1246,6991
2483,6792
4284,4797
4400,23334
5718,17865
3816,5528
4836,10949
5270,8265
1220,21646
1220,19707
1220,18395
1475,11450
2377,2031
3675,1728
5566,5526
5630,17540
272,21373
272,21374
1285,6846
3064,2923
3666,19498
5285,2708
2161,5941
2324,17538
2412,5484
3078,13241
3975,26319
4046,6735
4574,15616
4729,4310
4802,15374
192,3694
1723,2595
4009,7860
5647,15765
609,15279
1392,14258
327,7300
327,5241
811,8714
811,7813
2132,11191
2132,9125
2132,8219
2132,7299
2132,6870
2228,1996
2242,11210
2453,17915
4006,9460
4493,4991
4613,4599
5465,9096
5634,7286
5634,5779
5634,2230
47,7614
404,4660
404,1152
404,1142
404,1143
817,16742
817,3334
3268,5920
3268,2311
4783,3297
5675,14687
5675,14496
5675,13522
1191,5791
1921,8852
2139,6643
2375,6896
3886,8989
4569,16275
5045,4152
6004,20653
664,2957
664,1726
1040,5719
1383,2795
1383,1638
1863,4103
1900,11851
2574,26772
3472,3048
4619,13687
5176,15045
5176,3399
5269,14115
920,26248
1865,3781
2353,3250
2831,6282
2831,2132
3665,8262
3665,3892
3665,3893
3665,2729
3665,2730
3665,2315
3665,1911
3665,1912
3665,1913
3665,1914
3665,1206
3665,1207
3665,1196
4551,3888
4709,3779
5781,6752
1221,3080
1262,3910
1355,12699
1512,1802
4149,3164
4149,2302
74,14020
242,10985
1415,20822
1415,19585
1415,18161
1415,18164
1415,17795
1415,15772
1415,15637
1425,16500
2139,1749
2776,22782
3187,15382
3206,13900
3206,8196
1239,2414
2649,16638
5237,14513
864,23357
1944,17156
1944,9441
2129,6581
4235,23627
559,7405
1822,13597
1822,13443
1822,13141
1822,11281
2970,2084
3932,10832
4791,7920
4805,8061
4805,3221
5013,14789
5013,2214
2111,20508
2723,7113
2860,5784
3751,4284
5579,17853
5579,17276
5579,10080
5876,24895
111,5331
683,10978
1189,13478
1559,9172
2529,8683
2631,16956
2857,15805
2870,4502
4200,10554
5025,22158
5491,4491
5531,8497
1076,12057
3212,3070
3747,6453
5394,7937
5668,5719
96,25968
96,23362
1457,3133
4658,14993
1346,2607
2446,2870
3531,6818
3691,10491
3691,5633
3691,2829
3691,2370
3691,2118
4071,15291
4071,5838
4307,15568
4546,23668
4546,19052
4546,10903
4546,6810
4546,5440
4546,4558
4546,4099
4546,3445
4682,7031
4863,16827
5834,2178
408,9406
1017,5673
1017,5449
1017,1867
1056,11179
4670,9634
4670,9578
4670,5834
4670,3961
4670,2458
1453,12300
3151,2079
3509,3197
3983,7632
3983,7410
4566,6496
5302,12215
5399,2297
2149,14267
2149,10642
2730,10799
3380,6605
3462,24674
4183,2328
4183,2049
5703,11500
413,2455
759,3001
1307,14126
3456,9845
3456,1240
4704,24181
5106,22158
1052,2318
2677,25401
3727,2636
4930,9329
5429,463
545,10790
2611,2602
3394,11228
2881,4115
2881,3674
3378,1861
3717,2589
4527,3997
140,2851
809,15048
809,3468
809,1145
1137,3094
1137,3095
2024,1307
2083,3391
2118,7987
4185,8601
4185,9189
5016,11064
6003,25639
6003,15300
134,2805
214,7402
783,11422
4325,25771
4325,25469
4325,25377
4325,9302
4325,9257
4325,9235
4325,1797
4325,1396
5116,3881
5396,2394
1105,1752
1105,1753
1105,1746
1105,1747
1105,1743
1105,1744
1523,4841
2037,15321
2037,15295
2037,9993
2037,8669
2037,7332
2037,1618
2037,1581
4608,2764
4608,2726
738,3387
1331,20452
1552,16767
2674,14871
2688,14188
3105,11952
3249,4152
4301,2452
6048,23605
1409,12587
5056,3750
5898,21157
5898,8227
5898,8228
5898,6402
261,18869
1217,3550
1315,19687
2062,3904
2255,22034
2258,15255
4331,18557
2883,6293
2883,5589
3912,11625
4036,7062
4111,2521
734,3074
2629,14571
3989,20862
5535,2337
5601,22911
6017,264
237,2344
1162,18167
1162,14154
1162,9794
1162,937
1198,3591
1691,2665
3101,14692
3687,5344
4184,1767
4874,25904
6050,14110
109,3409
109,1698
1147,1652
1432,5607
1432,1763
373,11084
741,1356
1639,24819
1639,4897
1745,11882
2001,10956
2001,10078
2001,9413
2001,5976
2033,2404
3794,22922
3794,13937
5072,17365
5072,14916
5072,4195
5234,9107
5513,13768
5513,1572
5715,1397
5715,1395
5789,7456
1003,10881
1003,4606
1503,16698
2543,7139
2581,2639
2714,9021
2714,8307
2714,7666
2714,4318
2714,4319
2936,16624
3344,11229
5616,9069
6035,25714
6035,17778
6035,6114
444,19663
2294,7295
2294,5555
2294,3545
2294,2233
2294,1519
2452,11643
3902,4209
5032,6619
697,1411
1558,11961
1558,2823
1558,1571
1558,1420
4596,6094
5290,3695
782,4869
1391,18916
1391,14010
1391,5665
2664,21380
2664,2217
3034,20997
4971,10072
4971,2958
4971,1964
4971,1641
5490,4394
5611,2852
800,4758
2483,22474
2483,17119
2483,6875
2483,3866
2483,2426
2483,1960
2582,7983
3259,17575
3259,6890
4498,14147
5164,19142
116,5698
1647,17252
1933,5101
2134,2060
2733,15076
2943,19628
3165,7077
3301,4940
4078,7426
4982,7669
756,9127
1968,5445
2415,15360
2415,7071
2415,2154
2483,7809
2750,10702
3145,4263
3682,11161
4811,10527
4811,3015
5124,10152
5124,10144
5124,1672
6046,25865
1801,25174
1801,3963
4186,1533
4926,10518
4926,7440
4926,2481
4926,1798
4926,1774
4926,1557
4926,1339
5482,8308
5942,13074
1637,18380
1637,9470
1637,7770
2807,20192
3067,14511
5083,6054
5804,5970
6051,26918
6062,11727
613,13781
1268,2879
1309,9725
1309,3248
1309,2441
2276,12328
2293,15188
2463,5264
2766,5336
2872,10354
3814,4041
3814,3800
3814,3801
3997,5944
5165,7433
725,24214
725,19269
725,10933
725,9906
754,2120
1937,5745
2271,7093
4935,7122
5268,7353
5268,3036
5523,15718
5523,11672
5523,10203
5523,8867
5523,6182
5523,3187
5523,2048
5523,1977
5523,1200
5523,1194
5523,1195
5523,1183
5523,1179
5567,1312
630,17712
630,3201
2526,3301
3583,4544
3824,15371
3824,10316
1223,3709
2497,14454
2497,8913
2668,14347
2896,3212
4850,7102
4850,5090
5987,13179
5987,10295
5987,7141
5987,5706
5987,5707
5987,4977
121,15255
465,4923
979,13789
1565,6000
1830,15669
1948,23429
1948,19454
2484,15359
2484,10523
3278,14482
3635,6842
4770,8094
4963,13590
5382,10549
5955,5228
5955,4751
107,2410
685,15498
685,6625
685,4665
1006,15031
1450,6444
2456,17788
3735,3496
4990,18915
4990,12959
927,15704
1165,6387
1981,8416
1996,25112
1996,3549
4401,2557
5056,7442
5056,4087
5056,2782
5531,21690
943,2536
1401,6956
1686,2929
2204,6805
2617,17634
2617,17446
2617,17405
3382,13175
4053,17301
4759,1602
4759,1522
4953,2804
46,2455
1109,7593
1847,11948
2078,26773
2120,13504
2120,10822
2120,3778
2120,1400
2199,3228
3368,20419
3368,20383
3368,20284
3368,20053
3368,20000
3368,4390
3368,4367
4082,7476
5796,5783
682,529
2466,11802
3040,7356
4503,5688
808,1340
2174,4525
2239,18543
2459,25962
2877,11800
3326,18961
3358,22729
3732,9475
3732,2977
4847,13250
4847,5113
799,4142
4897,4745
5431,7254
5867,11746
1081,15359
1081,10523
2072,16813
3570,23572
3570,23236
3570,15537
3570,15538
451,4793
451,3529
939,13479
1289,8777
1443,15624
1443,4293
3178,11988
3329,8514
3329,2976
3329,1991
4487,6614
5885,1534
120,8082
1281,6901
1564,17657
2478,26081
2764,19573
2812,15566
3479,12558
5819,15899
1080,5417
1080,5352
1183,13683
1183,11524
1793,20656
1793,10342
1793,7474
2424,5386
2706,13361
5639,15975
5746,4160
76,20549
256,7521
474,8512
2455,6344
4402,12879
622,2061
3568,23680
3568,18230
5196,20062
5196,7404
5196,6602
5196,6603
5196,3663
5196,3569
5196,3533
5196,1988
5196,1647
5248,3251
5248,1974
5248,1373
5618,9442
5791,22336
5791,15119
502,14573
525,10331
1857,5417
1857,5352
1858,13306
1865,9965
2842,14668
2842,7640
4329,13348
5041,3598
5138,12962
1031,3556
1031,3557
1031,1632
1031,1427
1031,788
1031,790
1256,8564
1256,7997
1256,4359
1256,4303
1256,3952
1256,3950
1256,3291
1256,2650
1256,2322
1256,2167
1256,2043
1256,2021
1256,1887
1256,1829
1256,1666
1256,1650
1256,1560
1256,1362
1256,938
1437,25726
1437,10264
1437,8637
1437,8579
1437,7226
2290,23204
2934,4573
3177,10253
4041,5303
4411,1138
5086,5854
5900,13691
503,6208
829,21003
829,6962
1188,13478
1551,1617
1671,679
2401,2810
2507,9922
2715,6701
2938,20665
5241,8445
1534,3907
4144,17244
4270,13619
5901,22739
2746,4742
3598,23822
4618,19160
4137,22658
4295,12613
4639,5582
4764,4806
136,23485
713,3241
1526,3189
1753,4083
1925,9429
4482,9765
5747,20928
5747,12637
5747,8747
133,3418
968,17385
4291,8961
5189,5527
708,10020
3477,25658
3582,15098
4089,9206
4559,19717
5440,16117
5440,1930
6034,86
931,16081
931,4833
931,4828
962,17331
1472,11506
2745,9601
3003,13615
4506,2407
5388,10012
5615,6049
381,22589
1458,15737
1875,12837
3037,13153
3037,10382
3960,9062
5582,2411
1042,1692
1042,1693
1916,13816
2362,4765
2559,16489
2559,5474
2811,11615
3252,2645
3637,7481
3637,7482
639,22559
832,25287
1256,2320
2440,16182
3141,25727
3361,7430
5199,7647
5199,6228
5825,3936
1293,23675
1889,11400
2303,24733
2952,22111
3640,19399
3640,13910
3640,13905
3640,13906
3640,13636
3640,12088
3640,8535
3640,8171
3640,8172
3640,3853
3640,3854
3640,2210
3640,2205
3640,1724
3640,1438
3640,1439
4099,7325
4154,13018
4985,13390
1251,10936
1811,17370
2015,4644
2015,1936
2035,8781
2891,23299
2891,14730
2891,9262
2891,4191
2891,2053
2891,1564
2891,592
3437,8750
5386,18584
621,14183
1089,16428
1810,7282
1810,7283
2739,12552
2739,7459
3640,4189
81,2170
81,1633
1780,2378
2530,4879
3557,13841
3812,17140
3911,3075
4964,23812
5142,19353
826,5683
1096,3698
3120,18599
3204,10167
4586,12314
4586,2530
4638,4242
5777,8248
1174,3228
2512,18518
2512,7412
2512,2386
2512,2145
2512,1530
2670,9661
4156,16846
4156,6722
4156,2700
4196,14304
4196,4227
4452,7560
5510,26915
5608,17649
5608,5522
5622,9927
5622,7912
5701,1330
5897,10775
217,7089
304,9765
469,6806
2159,6646
2537,10888
2780,3453
4058,15158
4070,9034
5070,4670
5542,6035
280,9837
401,9918
914,18653
1539,8127
1539,4379
2003,7326
2003,4096
2003,2245
3746,8710
4249,1671
5539,8844
407,1592
1560,6062
1841,13040
2594,2213
3566,5339
4595,21699
4595,6123
5492,7479
88,17711
1865,2626
2799,6569
3596,24437
4024,9566
5773,23756
66,20697
66,8059
306,2518
2444,12423
2444,9498
2444,5151
2444,3832
3573,8738
3939,15358
4279,5850
4423,10006
5037,7530
49,10699
1098,12940
1184,9971
1184,2125
1865,11278
1865,7994
2243,2964
3282,3199
3384,13411
3480,2690
3625,7993
3625,5225
3703,20293
3703,17175
3861,2473
5323,7123
5323,7118
5839,2439
236,8808
388,5104
409,6805
679,6219
1747,9512
2282,10136
2906,23509
4079,10843
4433,123
4701,22415
780,7498
2383,3001
2484,13306
2990,13502
2990,9518
3710,10073
4212,1124
4212,341
4306,8497
5468,12121
1982,10755
4965,13390
1887,4458
2395,3649
2422,9941
5554,15179
5748,5106
1201,17982
1337,9020
1912,13745
2492,5187
517,13149
517,7733
978,8437
2032,8563
4612,3081
5188,5374
5921,16544
6064,24112
1818,4551
3651,14545
4303,15003
4303,9916
5589,4132
5589,4133
5916,18289
5916,11449
5916,9629
650,12209
744,1884
744,1489
1050,11278
1050,7994
1865,3059
1865,1840
1865,8604
1865,7463
2313,9191
4097,22806
5959,2528
2546,16028
3194,10027
3548,14473
3769,8499
4201,26384
352,14487
877,6265
1291,16625
1630,13768
1630,1572
2430,15495
2681,14296
4741,7716
454,1712
1433,12542
1549,6867
1669,4101
3664,8742
1670,9960
2377,3563
2705,24832
4949,15454
5189,17967
5189,17963
5189,17949
5189,17961
5189,17944
5189,6809
5189,4350
5189,2735
5189,2433
5189,1877
5189,1768
5189,1764
5189,1760
5189,1614
5189,1306
1865,6930
3705,10060
4090,17548
667,13132
2738,4431
2944,443
4157,18229
4157,8924
4158,10233
4158,3121
5160,1092
5341,5716
6019,26712
392,3143
392,1783
803,20432
1207,1180
1207,1079
3053,2623
5153,5334
5939,21180
541,15025
1000,5230
1000,5211
1000,5200
1000,5203
1000,1619
1682,3921
3365,3376
3499,4373
4217,22346
4594,3528
4594,1940
5046,8880
938,6712
1452,9189
2008,9679
2008,3583
2008,3083
3740,15855
4214,13315
4253,22070
4253,12888
4253,6418
182,6416
1065,7401
2056,7154
2176,14966
2195,1384
2475,9719
2675,4861
2898,6223
3772,25939
3999,4956
4418,4338
5534,12613
5816,22043
148,3624
511,7019
1200,26877
1200,26836
1200,1082
1243,3994
1722,17361
1887,1596
2086,8251
3166,12584
4183,19455
4183,1762
4183,1025
4522,10961
4522,2277
4522,1838
341,10201
450,17867
916,17449
3505,14564
3505,6458
4059,26268
4059,8578
5797,12380
5797,12376
5797,12087
5967,4626
287,8499
1474,4781
4571,14080
5200,11586
987,14596
987,1529
2414,4499
2585,8995
2585,6406
2585,5410
2585,3542
5992,7702
83,17675
891,20980
1956,10183
2541,7515
2827,534
2969,22739
3916,5142
5030,5112
5508,12007
5956,15427
5956,15253
6,9170
2069,20530
2423,4993
2971,1916
5880,1673
578,14841
596,9293
596,2038
689,23960
1237,10694
1623,19820
2142,3236
2254,18140
3105,15255
3592,18357
5925,3065
167,6060
2894,8045
2894,8046
2894,2926
3429,4019
3429,3311
3,5048
559,7401
1167,8700
1518,17849
3654,5588
4146,13192
4583,7888
5512,2672
990,25097
3049,4731
3364,16839
3845,5908
4988,25803
5323,7669
5768,20107
973,7259
2139,2798
3145,9229
5963,13955
490,15686
490,7065
490,3078
849,15892
1444,15543
1444,3601
1444,2065
1738,7885
2932,15562
5522,1445
5774,12539
1336,6376
1336,1919
1336,1073
1336,1074
1865,4715
2428,6533
3438,19257
3438,19258
5244,2374
307,9765
700,11268
700,6961
4296,1297
4530,7917
4600,4692
4651,7092
5455,3424
384,7894
384,6304
384,5793
1139,11399
1354,2371
2371,16085
2371,16013
2371,14705
2371,13916
2371,11694
2371,10513
2371,8900
3140,7114
3377,2601
4567,5590
4766,26525
4766,5543
4766,1701
4968,7809
5727,19169
330,3193
330,3185
528,12986
528,9387
815,10637
815,10245
2902,1949
4160,6167
4160,3858
4181,14088
5716,12660
6035,22434
6035,17842
2386,9217
4636,4702
5835,9350
722,10222
747,1871
747,1333
869,24113
869,24064
869,20797
869,15963
869,15819
869,15331
869,14378
869,13928
869,13724
869,11837
869,7928
869,4809
869,4430
869,3643
869,3118
2947,21463
2947,2062
3630,2136
5061,3819
5764,2944
387,15202
1238,11024
1515,5379
2749,9735
3179,9536
3779,4238
4219,3004
4219,3002
4219,2635
4219,2632
98,13202
2318,3330
2318,1346
3214,5836
3316,14509
3809,13690
3809,7606
4134,5393
4404,18897
4404,3447
4429,2798
4588,12794
4655,7602
5643,11966
4101,13117
5738,9780
471,369
970,4458
989,2574
1578,6964
2006,25493
2817,17965
3133,12901
3133,1993
3133,1486
4631,26441
5383,2797
5658,4627
56,9217
212,6651
971,4431
2527,19165
3252,5425
3432,2888
3432,2101
5006,7976
575,20655
575,3172
575,1117
2224,4798
452,26938
452,21935
452,17282
452,11365
452,2387
452,1756
3875,2001
5432,4533
131,8446
131,5430
131,2317
131,1691
131,1688
131,1589
313,3304
1979,10381
2168,2978
2369,9417
3464,8816
3537,18461
3537,14365
3537,6353
3537,2046
3537,1853
3537,1814
3537,1805
3537,1084
3840,1751
5031,8342
5984,3103
5984,2771
5984,1830
2327,13789
5154,17273
5205,7960
1573,10516
3352,3081
3679,2480
4795,25433
4832,3200
4832,2508
5373,6951
793,8441
1521,8561
2596,22972
2596,22496
2596,16923
2596,11111
2596,7060
2596,6839
2954,23182
3657,26625
3657,26153
3657,16933
3657,8770
3657,3691
4318,1873
4974,22448
5548,3813
411,3005
580,4611
925,26479
925,3256
925,1482
925,1474
1144,6773
1505,21250
1505,7272
1597,10674
1852,4611
4102,17399
4343,11498
4343,8976
4343,3824
451,12172
1943,26747
1943,7547
1943,4286
1943,1859
2061,5821
5525,1683
5525,1392
5982,23906
3289,9994
3633,3456
4056,9079
84,4569
84,1567
1815,9499
1985,13625
1985,2674
2810,16494
2975,12362
3032,1153
3508,4166
3508,4158
3508,1704
3508,1407
3508,1375
3508,1219
3508,1223
4919,1535
5254,7899
5254,1990
5342,5466
5890,23849
5890,13596
370,2115
416,24174
509,6403
550,12357
1258,9202
1258,8754
1258,5199
1455,8792
1455,5075
3299,11339
4148,2599
5201,15342
161,6364
3145,21571
3145,18834
3145,14501
3145,14370
3145,14328
3145,12919
3145,12907
3145,9245
3145,4275
3145,4246
3145,4247
3145,4244
3145,4236
3145,4234
3145,4228
3145,4217
3390,4131
4055,9379
4243,9802
4243,1584
5084,13821
66,26120
66,1575
1631,1110
1838,5383
5778,20808
5778,3195
1711,5552
1711,990
3310,13546
3852,3160
3852,2898
4607,18968
4852,1302
5771,18407
519,6214
994,14773
994,1957
994,1497
994,1409
1923,4119
3903,26174
4001,23717
4001,18754
4208,7825
5960,4573
1275,4493
1870,24814
2060,8870
3324,23013
3556,7445
4617,4980
4617,3937
4617,3170
5110,25637
1365,24006
1434,3788
1543,8269
1634,25831
1703,2033
3431,26695
3431,8788
3431,1950
3900,10866
4939,2758
4939,1385
4939,951
5533,9404
5913,20776
647,2383
2010,5705
4513,5351
4624,4792
4834,7911
6057,13390
442,2223
1984,7610
1984,5313
1984,1956
2351,25977
2351,15809
2351,6411
2873,6018
3880,9508
3887,10963
4552,14718
1848,4694
3498,2256
5323,26772
5722,21949
5722,5517
5873,3136
6011,20683
598,13948
3787,10416
4728,12698
4728,8589
4906,11800
4924,6586
6037,264
89,2238
318,9377
941,6115
1605,4963
2274,14581
2583,9396
3974,23716
4533,10577
4943,1586
5923,11386
659,2372
806,18391
935,15401
804,24395
1245,17581
2047,23801
4028,9467
5980,3336
488,8705
1172,7820
2098,6586
2604,19749
3853,24350
4695,2091
68,22089
163,10633
219,7701
932,3910
1823,8640
4012,9691
1204,21255
3397,7029
5367,4694
5428,4064
1736,359
3195,15172
4226,9461
208,13222
2963,3770
3192,16839
3248,4792
4922,8915
5573,17286
150,14181
2089,24172
4605,18989
4736,16381
5976,15027
5983,1267
359,10904
568,2007
2274,10258
3738,14290
4842,17663
930,2397
933,18594
933,15792
933,13761
933,11539
2101,25125
2101,24977
2101,18574
2101,18450
2101,17800
2101,14069
2138,7303
2653,9354
2653,6550
3949,8062
4915,5553
400,5286
1264,6633
1264,835
3757,24076
3757,22108
3757,20223
3757,19222
4244,4553
4312,8229
5022,1319
5439,1899
5480,8604
5480,7463
1570,4740
1906,15575
4611,21142
1887,12784
3038,15560
4535,14922
4535,13836
4535,10071
4535,9038
5498,14394
389,14570
2315,3978
2315,3227
4000,13166
4000,9173
766,11196
2999,10220
3453,20662
3512,4924
4761,11810
5574,22858
5574,10317
5574,10246
5574,2567
5679,3252
5803,5561
3284,2500
4443,7926
5029,4316
5273,6389
5273,2074
5733,6759
5892,2457
5965,27045
112,8685
988,26761
1075,15464
1224,15462
1224,15438
1224,2064
2145,7574
2532,8102
3356,4792
4172,3807
5367,6082
419,2240
872,12252
3170,3327
3504,14186
4731,16123
4976,6407
4976,6408
549,7007
3554,12552
3554,7459
3856,12075
5480,23992
247,17976
391,23084
391,10437
391,9319
391,5284
391,4093
391,3897
391,3039
391,3040
391,3041
391,3042
391,3043
391,3044
391,3045
391,3046
391,2912
391,2408
416,3804
540,5333
1782,10022
2838,6899
3231,12509
3533,3972
3533,2104
4480,3697
4690,7659
4766,9640
4766,5952
4766,5954
4766,5950
4766,3856
4766,2179
1865,1788
2491,2999
2502,3876
4431,9986
216,14117
1865,5852
2245,13400
2570,20328
2570,7662
2744,9846
3264,1151
3748,9804
4107,9113
4285,2468
4940,12989
4940,7794
5189,18767
5293,1903
5460,11290
337,4022
484,5178
1356,6451
1356,6243
1356,4767
3924,8130
4815,4443
5247,19827
995,3649
1428,9690
1428,6047
1633,8301
1663,3438
1929,2537
3186,9090
3235,14953
3235,6669
4845,26009
5377,11608
5377,8686
1971,3977
4229,22274
4229,3934
4229,3712
4229,2476
4390,7486
5119,9788
2863,2766
4894,14570
5323,14577
5650,10194
529,18884
529,3955
529,2388
529,2063
792,13692
792,2103
792,1285
3357,9324
5197,1148
5277,4066
5874,9488
5909,26358
1799,17239
2884,12277
5366,4451
847,19208
2297,3650
2747,8775
3114,16446
3338,4212
3682,9111
3700,3316
3700,2140
2987,3852
3058,15743
3530,23092
5506,4338
5521,15344
1725,3518
3926,8288
4800,7576
4800,2803
4800,1616
5962,4177
6041,15924
6041,10259
634,23027
634,16862
634,5927
634,1667
1350,3820
1361,1127
1617,4931
1617,4932
1918,23940
1993,14463
1993,8662
2472,6643
2669,3081
2714,7593
3057,9769
3869,18937
5036,1590
5036,1494
5047,12278
5047,4943
5655,11501
5719,7896
412,3867
2538,13749
2636,11879
2636,1819
2869,11966
4504,1399
5578,2042
5943,25288
5943,18320
5943,12868
5943,10833
5943,6119
5943,3523
5943,1775
85,3747
896,10773
1319,9299
2066,1470
5814,6448
1877,2287
2311,15875
3135,4194
3586,13803
3612,24678
3838,7978
4309,2093
4537,8250
4540,13917
4540,7041
4540,6538
4540,3073
5216,8082
5362,3377
2232,3695
2234,8025
2234,5053
2234,5054
5215,3932
5215,3716
5449,8276
463,5311
2038,13496
3321,22724
3788,25505
3788,20664
3788,10232
4074,5713
5824,21734
5824,18933
5824,17202
5824,13702
5824,13455
5824,12119
5824,11474
5824,11333
5824,8012
5824,7553
5824,7533
5824,7342
5824,6599
5824,6417
5824,6321
5824,4965
5824,4257
5824,3901
1854,16319
2551,9646
3020,4868
4237,26095
4237,19394
4237,15642
4237,11861
4806,6345
5323,9902
5627,9847
1327,6470
3125,3189
4471,21627
211,4109
2342,17595
3315,2997
4907,2454
5798,13991
5862,22431
1084,7556
2740,7862
3039,3701
3419,4462
3746,1464
4441,5286
5040,13779
5040,6733
5040,2987
5515,5653
5685,5300
526,4905
1116,15729
2427,18809
2719,6343
2728,4074
3094,9130
4430,13623
4970,8340
1651,8282
2765,3957
2818,9418
5996,20795
5996,20430
5996,19842
170,9931
729,9042
1572,7690
2986,16785
3610,4051
4685,2666
5049,8572
5121,3122
5121,2710
5121,2699
5121,2668
5121,1812
226,12281
226,9001
226,5256
411,14799
841,25237
1498,7146
1580,19376
2709,5154
3241,9881
5721,10770
5972,22607
2238,6284
4781,26984
4781,19215
4781,11061
4781,8603
4781,7524
4781,5544
5294,24211
144,15683
986,8577
1454,4658
2041,4119
4224,11816
4224,2164
4877,14577
263,15084
383,7335
3075,7785
6038,273
2121,5734
2121,4249
2810,9492
3944,7420
3944,3359
5021,3394
5705,3211
1806,6714
3089,9400
3107,9418
3281,11159
3373,10718
4060,2645
5432,8604
5432,7463
518,11917
518,7913
1333,6819
1828,23830
2431,20921
2505,10797
2762,6587
4213,6028
4366,24624
4366,4342
4366,1171
4824,3539
5060,24455
5828,4021
5828,3918
5828,3721
5828,3611
5828,3224
5828,3222
5828,2362
2717,24832
4409,18525
4409,1130
4409,1131
4409,1132
4750,7010
5706,13759
604,13564
692,9434
1701,20888
3187,8077
3187,5014
4630,5918
5010,9066
5389,2472
5553,12574
138,15349
1926,2401
499,8092
662,13927
708,6354
708,6298
708,5457
708,4697
1151,7902
2413,19534
4300,7411
5661,5902
936,5354
980,16860
1050,3098
1303,8107
2628,4105
2633,18850
2727,7022
2727,1446
2742,9924
2941,1597
3521,21217
3597,7814
5004,19806
1650,1351
2998,4548
2998,2896
3412,8820
3580,8244
4509,11249
735,2612
1325,20973
1467,14367
2564,21054
2564,2502
2564,394
2689,2516
4093,3986
4363,15787
1334,2022
1334,1627
1334,1404
1334,1327
1646,14921
1646,14633
1657,5560
1871,16157
2175,7437
2175,4562
3318,24436
4627,4033
1081,15500
1081,7803
2189,14761
3225,11852
3908,14884
5432,2626
125,5612
416,4240
2890,9908
3229,1249
3229,1231
4582,1788
875,3825
1079,7516
3319,15065
3945,12814
4927,14762
1783,6122
2707,23684
4324,12559
4748,22061
5879,6653
5973,8306
394,2501
3207,23206
3207,7377
3524,9936
5170,19625
5372,7274
5540,13001
5691,26820
5754,6361
456,9765
1174,11546
1174,11510
1174,8753
1174,8330
1174,8060
1174,7196
1174,6173
1174,5029
3532,16646
3833,15004
4231,13707
5614,6281
595,6586
2601,10284
3014,2267
4516,3566
2637,1382
2637,1328
2888,20320
4550,4716
4550,2161
347,7819
1120,13767
1582,6039
1863,2318
2346,2833
2346,2024
3146,5451
5022,7611
5022,7612
5022,3276
5452,7323
5452,1636
5452,1443
117,15248
553,9356
3119,1525
3119,1526
3296,10287
3461,15451
4887,10083
5694,3868
3535,2148
5227,2600
5240,22729
5583,5370
328,13998
371,2045
371,1393
2284,16271
3086,7977
3336,19761
4520,7634
5140,6081
5140,3047
2531,15254
2682,19793
2910,6496
2962,13464
4296,1540
4525,7867
4525,7541
4525,6989
6052,22091
853,4007
3544,25134
6035,24441
379,11709
789,18863
1023,10891
1604,18596
1863,1563
2077,10915
2561,8390
2561,1948
2561,1905
2561,1155
3171,22389
3485,12034
3683,10415
3683,9514
4604,22578
4604,19554
4604,10804
4994,9949
5242,14641
5338,3623
221,14429
221,5429
742,11796
796,4968
1068,10795
1068,9464
1433,7615
1443,4233
2473,6652
2630,15614
3408,2254
3408,1067
5697,6033
523,11473
673,2041
1644,12854
4878,13849
4920,24667
5516,13767
516,12891
1188,1790
1258,6811
1952,7691
2227,529
2484,20343
2484,11591
2519,12128
3362,9443
3362,9280
3362,5990
3978,2020
3978,1972
4680,20279
4726,9930
4726,1492
5638,13949
1469,18364
3959,2886
5563,3428
2163,26241
2163,25284
2163,23913
2163,98
3082,1615
3082,1166
3680,4786
3680,3954
5015,20491
5920,14894
5942,9623
124,8849
124,3519
190,4022
385,12464
385,8853
845,9010
845,1791
3134,5637
3134,4883
3134,3900
4448,4657
4696,11403
5299,12847
748,21619
1769,17211
1873,5088
2693,4874
2840,8277
3048,14024
4005,25371
4118,18666
4358,6099
4455,2675
4644,9677
4644,5660
4644,1870
4644,434
5059,10826
5059,8559
5059,7264
5938,10030
5938,5223
194,4790
716,15423
1061,7907
925,3630
1599,2122
1621,5099
3585,5813
4130,5222
5978,3902
5978,3466
5978,3467
574,7874
1304,4915
3226,4949
5620,18092
1274,9881
1479,8499
1904,1532
1963,8773
2830,1125
3092,6777
3712,10842
3917,13750
5018,2659
1078,2483
5940,2859
712,10149
1731,2695
2479,5532
2819,7990
2874,12590
3746,12905
3746,9998
3746,5795
3746,4840
3746,3246
3746,1723
3746,1552
5454,1454
435,22249
435,8081
435,4261
901,6851
950,22167
950,15409
1371,2246
1643,10972
1776,21518
1776,5040
1776,3455
1968,11793
2429,13785
2468,20633
2787,16463
4407,7138
5669,6881
278,12772
3701,2346
5561,18448
5687,9765
1148,11620
1148,4188
1700,22974
1700,20525
1700,14241
1700,9152
1700,7258
1700,4515
1700,2366
2178,6441
2484,15500
2484,7803
3366,14187
3366,10608
3366,8903
3366,5009
3366,3618
3366,3295
3478,8195
3531,4819
3795,25523
3795,11098
5225,16143
1767,2656
2808,23891
2808,18186
3347,19378
4983,4899
4983,2402
5210,24255
1527,6368
1821,15396
2806,15636
2806,152
3109,25747
5739,15554
5739,13868
5739,12363
5739,11283
5739,10254
5739,8783
5739,5575
5776,8574
1613,23296
1613,22233
1613,21489
1613,20417
1613,19289
1613,18108
1756,6470
1506,7797
1506,7205
1506,7164
1506,5951
1506,4676
1506,3915
1506,3410
1506,2263
2053,8495
4817,15292
4890,8332
5365,8156
5365,4996
5365,3010
5365,3012
5365,3013
5365,2292
1041,9052
1041,7359
1052,8720
1349,24156
1951,11007
2292,8979
3691,8842
5323,2969
5375,8320
5540,8844
5770,20716
5770,8729
372,2625
2833,9525
3232,6934
4265,19574
4265,19538
4265,6744
4265,2295
4265,2296
4265,1293
4265,1287
5662,4070
5958,3693
252,3182
1576,21204
1771,19919
5344,11374
5344,1253
5344,1255
75,3483
462,3407
1163,1514
2606,13360
3137,13533
3699,25126
3737,5142
5601,2753
5935,7908
6002,22373
1186,3890
1584,26212
2219,17615
2914,10693
5256,9938
5812,24992
1820,5362
1820,1279
1820,1280
3147,3785
3719,12531
4063,2342
4123,5464
4123,1551
4591,8297
4794,9508
91,5756
343,6849
343,3389
1477,2899
1477,2897
1477,2893
1477,1517
1661,4990
2260,10205
2260,10171
2260,10143
2260,10045
2260,9990
2260,9009
2260,7883
2260,4579
2260,1390
2260,1121
2260,1122
2260,1123
2549,8368
3859,23545
4396,19088
5360,6748
5908,7316
78,3038
180,8934
1175,6338
1175,3186
1449,9874
2461,7121
2461,1995
2851,11186
2851,8231
3767,6121
4124,5825
5024,7857
5109,5274
5224,6337
5617,8917
5617,7457
952,5504
4815,12360
5177,22946
5180,13285
5755,14060
416,10440
846,7148
1513,1907
1831,9974
1831,9947
2152,8929
2605,7237
2605,5701
2605,5096
2605,4886
2605,4736
2614,1350
3716,1153
4153,11137
5129,18703
542,10620
723,5668
3273,21204
3584,3903
5592,10271
5792,22221
5792,19245
5792,7531
46,7615
1632,9857
1834,10682
4579,1523
5612,16352
966,11298
966,4216
1962,4520
2748,14247
2798,13957
2798,10097
2798,8994
2798,6037
3730,6504
3818,4375
4462,7140
4753,11469
4788,4664
5326,14519
5326,11891
5326,7468
50,7615
227,19581
227,5052
227,3086
258,18149
258,7999
258,7527
258,7517
258,1450
298,20791
298,12978
298,4570
1721,1174
1721,1175
1721,1176
1721,1177
1721,1178
2075,4467
2411,5975
5476,19293
5634,5187
1834,10087
2289,9328
3743,5062
3768,3543
5378,14036
568,8870
1481,19944
1481,14242
2608,10543
3143,6663
3501,13374
3590,3420
4414,1366
5182,1720
5263,2220
434,16795
468,25438
468,12706
468,10695
468,6102
1312,2391
1696,4729
1696,1453
2599,21887
3971,2128
4833,4617
270,22102
270,16906
270,12113
270,11710
270,11711
270,9891
270,8986
532,17366
608,14208
3742,15985
3742,15670
4827,2194
187,13753
960,23187
1865,12699
2091,12273
2305,3408
2500,8318
2648,2708
2736,7274
2935,16149
2935,15192
2935,15042
2935,9338
2935,5441
5239,26314
5767,2549
3074,6578
4185,19067
4337,22963
569,6145
732,8216
985,5907
2769,2444
5922,18241
2504,9964
3309,12653
3615,3855
4820,5996
27,15527
27,15533
27,9540
27,9526
27,9496
27,3873
27,3178
27,2384
110,13805
691,18038
1095,2010
2755,6343
4714,1680
5480,4533
828,8767
1020,17161
1020,4110
1020,2916
1020,2186
3938,8570
4775,7911
5603,17552
398,20299
2726,7519
3708,1587
3992,26513
4037,22677
4072,12776
4165,4155
497,6248
2957,11566
2957,7898
3240,10590
4977,6725
120,7744
120,7745
308,20952
3562,2102
4316,9404
5031,9069
5243,3849
2580,6572
2915,26200
3000,10591
4117,15816
4314,3028
4360,9554
4472,9805
4967,11276
4967,4264
4967,2544
5102,5743
5173,19588
186,10771
955,8339
1171,14176
3065,15584
3065,13854
3093,12239
4266,4243
1400,18215
1400,1360
1646,15322
1646,14876
3085,10838
3221,3363
3261,20584
4064,2992
4289,7180
4419,9093
5144,16012
5144,4327
5536,7559
1209,19474
1385,12391
2183,7449
2848,3381
3026,4962
5371,15547
863,3487
1845,7485
4416,10769
4416,1469
4693,9143
274,14604
274,12054
274,10155
274,9904
274,9590
695,13902
695,11857
2095,16328
4258,20848
5139,10702
5370,4289
5606,24678
727,16111
727,16113
727,16091
727,16094
727,11841
727,4807
727,4791
727,3459
727,2871
727,2055
727,1739
727,1675
727,1314
727,1070
1547,15067
1865,21255
2639,21831
2639,9334
2639,2099
2966,25887
2966,5309
3160,7551
3160,2624
3291,25800
3617,13652
4659,1458
614,18693
1463,21418
2277,13541
2277,13534
2277,9598
2277,5074
2277,2094
2277,1900
2277,1894
2277,1881
2277,1463
2792,3946
3176,13245
4258,15911
4354,25123
5101,14349
5101,13627
5928,1731
2511,9259
3524,10087
3993,11176
4023,1081
5266,18920
255,13941
255,8696
288,16270
288,5883
288,5684
1108,13564
2393,11148
2503,18243
3066,3189
3084,8764
4047,3171
4543,2081
857,4017
5467,19205
5467,7355
5467,6928
5467,3639
5467,1734
1185,1888
2793,17854
4488,21334
4642,6661
5853,19578
154,15608
154,10017
898,13426
1709,6580
1865,5382
1865,3899
2215,3092
2598,9903
2598,1869
2598,1203
2598,1198
2598,1191
2598,1188
3127,9324
1005,15701
1005,9438
1005,5148
1019,9555
1443,12362
2085,12846
5486,13461
5502,14354
5502,5057
5865,6822
311,18900
1394,11838
1888,3422
3956,5235
4128,6323
5410,10471
5807,2546
192,3595
706,2155
1958,3215
4133,13655
5831,6482
282,6065
480,17730
1446,18990
2795,10806
3192,10634
3192,6004
3192,6005
4280,2733
5322,4596
5403,10234
5657,15079
5657,13445
5657,11134
5657,7871
5657,7510
2173,6763
2590,2552
5946,11567
470,12378
470,4046
807,1803
4334,4082
4334,2124
4958,21367
4958,19134
5118,19232
316,3692
2193,1725
2931,2471
3118,13554
4724,2641
4894,14645
4898,9330
6014,25467
6014,19818
1188,7648
1188,7624
1188,4162
1188,2350
1188,1372
5222,6564
5222,6521
5509,6794
5509,6787
5509,6779
5509,2875
5509,1329
2016,6291
3890,4477
5068,11389
5181,3817
5261,20729
5261,16749
5261,9477
5261,3504
5261,1839
5261,1574
5414,25111
473,13971
473,10181
1707,4888
1707,3980
1802,20651
1802,14515
1802,7677
3637,7649
3782,4120
5306,9008
5425,9884
5425,1648
5600,2801
103,13208
663,3113
663,3050
867,6892
1583,14353
2325,3667
2419,10953
3389,16746
3389,10796
3389,6736
3389,3761
3389,3317
3389,2489
3418,9047
3684,7870
6023,19085
52,4847
52,3956
2203,10335
2203,1023
2397,15590
3516,9784
4790,17549
50,16176
512,10809
3148,13828
3290,12308
3862,13789
4187,6919
4623,19690
4623,17207
4699,3017
4699,2962
5854,2887
1447,25453
3369,17724
3369,3916
3711,7335
4039,9696
4039,2588
4428,10191
4900,1071
5599,2548
5805,10046
5805,8583
785,14878
1380,6984
5033,11771
3028,25859
3132,27021
5235,3689
5235,2655
189,13348
250,4814
250,1962
250,1910
3864,20924
4960,12169
5314,2596
461,16777
461,9617
461,3723
461,2722
461,2363
1897,14994
2217,3215
2525,9133
3026,26236
3422,2304
3422,1448
3436,2738
4956,9283
5411,15041
797,11797
895,23440
1680,23800
2055,24441
2221,3996
3965,25484
5499,12913
859,6629
3359,12480
4210,6764
5989,14918
5989,10043
106,3306
418,3405
4096,10256
5089,5956
5089,1925
5296,14369
5864,2934
348,6711
2501,8877
3188,9303
5709,21593
319,4920
2295,4104
2800,3179
2800,2547
3030,4912
5163,14500
1244,9120
3297,7506
3963,4753
4286,4306
4821,26967
4946,25080
4946,4824
5325,1745
2160,24603
2160,20813
2160,15881
2160,8866
2160,3882
2160,2736
2160,1660
2618,1716
4715,2618
5723,5747
567,17498
1296,4781
2288,4206
4228,8876
4798,16418
5894,14009
5894,2199
2013,11356
2084,9112
2588,19362
2588,7253
3350,8550
415,1464
1892,17370
3209,25971
3209,11316
3209,3714
3621,22276
3760,4630
4022,9905
4934,16332
4934,14447
100,2802
264,11322
731,11407
3923,18513
3923,18489
3923,13830
3923,13824
3923,9619
3923,1408
5136,14389
5136,2637
5887,18732
5954,2341
5954,1954
5954,1546
5954,1068
5954,1069
141,20352
447,9778
1076,3947
4544,2431
4872,7744
4872,7745
22,9863
22,8235
674,24530
2312,430
3704,5550
3854,15561
4292,14689
4921,25169
4921,3131
5304,6443
5677,12199
1190,13174
1190,12609
1190,12610
1190,12611
1190,9618
2207,9501
2784,9819
5762,17357
1150,15414
1798,23318
3648,11748
3723,4219
4067,7023
4784,11411
907,5934
1218,2078
2450,1811
3488,3460
5809,16087
72,3099
1594,19792
1694,5422
2222,11306
3662,21404
3662,15177
3662,13118
3662,12473
3662,10443
3662,9959
3662,7617
3662,7618
3662,7483
3662,6041
4330,4026
4710,5087
5997,9591
874,9291
874,9272
1405,20213
1448,8869
3098,14231
3449,22856
3643,21476
3643,20393
3643,19240
5405,25399
5405,6947
5405,4592
5405,3071
1421,3111
2029,4032
2029,2028
3444,5290
3668,17526
4083,5101
4894,25133
4894,13397
4938,9805
5186,14325
5591,14004
1323,5568
3602,2984
3850,2778
4376,12750
4376,9519
5450,3725
188,3202
560,17805
1748,2767
3447,20560
4466,21561
4789,17580
4789,12983
5014,5181
5088,2512
5157,3885
5157,2633
5157,2634
5157,1332
5533,9403
5891,11018
5950,4711
6054,20789
11,54
1704,23553
2597,17038
4335,5125
4356,1374
5094,16890
5433,6754
1520,22380
1520,11818
1520,3938
1520,2000
4984,4553
881,10911
1357,10418
1357,5289
1357,3194
1610,18287
1610,13837
4171,2814
4888,10221
4888,2863
4888,2838
5640,10728
5640,9692
5640,8083
290,3367
820,2742
820,2743
1545,17434
3312,7396
3325,22230
4476,9343
4925,1748
5272,1076
235,11626
1038,5948
3381,8409
3441,11778
3870,13470
3870,9458
416,2129
851,13348
1086,26579
1885,23951
1885,7238
1885,6969
1885,6915
1885,6880
1885,2973
1885,2057
1885,2058
1885,1248
3847,2026
4131,9067
4254,1342
4823,18493
5291,13076
915,4605
2576,9564
2576,4396
2576,1412
2576,1357
4912,3983
6018,11123
1950,3875
1950,1835
2287,2613
3980,14830
5320,7488
5506,4333
5664,19115
5970,16078
5970,15261
5970,9505
5970,7760
599,11828
2646,3081
2687,10053
3686,11876
5427,597
763,15373
2942,15435
837,16204
1734,7274
3337,7789
3337,3913
3634,8103
3951,7227
3951,3551
4372,11076
5631,11197
5631,10526
1249,12379
1917,21382
5935,12342
285,5718
974,4873
2774,4098
2774,2235
4491,19993
5565,5037
5667,5393
137,8164
137,4597
137,3865
1507,3864
1641,16000
1693,5058
3706,6088
3851,15415
4697,462
5466,15796
69,20829
188,13767
1382,9986
2278,26656
2278,5032
4483,5972
5795,4580
12,14948
12,11598
12,6266
1842,16590
1842,7465
1842,3090
2196,2876
2216,12479
2216,3871
2216,3087
2216,2819
3433,8297
4202,4029
4325,4278
5379,4276
446,6151
3733,8180
4793,4152
5404,8918
1681,10744
4327,5621
5457,2868
5480,22237
5480,1547
5480,1518
2146,3257
2146,1868
2489,4173
2673,19342
2837,8518
4252,16707
5642,1909
5870,25250
350,5570
779,17447
821,11055
2555,17079
2555,8534
2740,6470
3458,1509
3744,15581
4050,11581
4589,17420
4589,10036
5949,13253
421,5271
421,2891
421,1363
687,15252
687,14520
944,24535
2378,3632
2919,11866
4597,6264
4650,4100
4747,14011
5446,15671
1711,9356
1718,12525
2437,11756
2437,3444
3041,8461
4649,5015
4649,3400
4649,1277
5292,5591
5413,3834
39,4349
324,11940
481,20811
1342,2066
1848,12612
1848,8011
1848,8004
1848,8002
1848,7639
1848,1917
1848,1765
2714,13179
2714,10295
2714,7141
2714,5706
2714,5707
2714,4977
3283,12112
3376,8141
3969,2044
4578,5385
4578,3373
4829,17836
5214,5454
5760,2268
5760,1483
1945,2150
2930,8677
4121,14057
4121,8161
4121,7906
4121,5056
4121,2092
4692,10275
764,8199
1620,10927
3304,14603
4018,3687
5323,2083
5473,1168
5473,1165
5473,1116
149,14912
603,20093
798,12499
854,7589
854,2792
3317,9869
3475,5711
5645,2241
1770,8319
2372,15744
2372,1252
2410,16926
2612,21549
2612,5282
2612,2919
3576,26612
4894,1876
4989,4802
485,10716
855,1598
1827,2739
1827,2740
3823,7274
4247,14449
4247,14413
4581,22388
4581,21616
4581,20935
4581,18173
4581,18176
4581,18180
4581,15514
4581,3358
4581,1651
4581,1550
4581,1358
5257,8145
1791,1668
2481,15620
4514,17281
4622,3878
4730,9984
4730,8243
4730,6466
4730,2152
4730,1896
4730,1531
5458,12570
5700,10283
1563,1831
1720,9111
1885,19822
4045,14642
4294,5132
4420,4902
349,24503
1254,19767
2349,5346
3254,7519
5099,5103
5330,10089
5330,7842
5511,1370
135,5034
638,22560
638,11689
726,4838
2321,9136
3692,17120
3842,17640
3842,13798
3842,12456
4227,2969
5712,25845
5712,12598
5712,12546
5712,2828
1408,8345
1846,15283
2231,9299
2564,3283
2564,2466
2564,1480
4810,8926
4810,7827
4810,6311
4810,5601
4810,4813
5080,10421
5080,3590
5080,2638
5080,1416
6031,19618
904,9342
1863,5852
2533,14181
2652,5402
2979,26222
1489,11978
1489,2461
2247,2221
2802,1924
2802,1665
3783,6843
4646,11172
4646,5847
4646,3403
4646,1631
5376,16449
5376,2676
5569,2785
5569,2781
5569,2627
5569,2628
1376,25254
1376,4549
1438,14581
1509,3204
2272,6154
2572,12883
2572,8529
2770,15156
2770,12073
2770,8324
2770,5214
3175,6040
3370,4483
3385,16143
5483,10883
60,4274
2623,16722
3807,5405
79,2657
564,9299
945,6094
1059,9543
1790,3321
2199,10216
4112,1876
5335,22622
5335,9583
5335,5766
6024,9687
736,18672
1043,17790
1050,19040
1050,17396
1050,12004
1050,3706
1050,3117
1050,1766
1269,9808
3250,2577
3250,1901
3955,21044
3955,6507
4473,20069
5829,15683
120,2249
303,14653
303,2303
303,1579
1800,8064
1800,4471
4667,19188
4667,9289
4715,3120
5096,18357
5417,5650
5417,1992
5595,19239
1260,14266
1618,26441
1998,21326
1998,9094
1998,7672
2913,18908
2913,18910
2913,18632
2913,18612
2913,16172
2913,13845
2913,12548
3587,10469
5035,2188
5726,8581
1045,16034
1045,5051
1650,1989
1795,12299
2778,4077
2814,25795
3183,8723
4686,16860
5846,8097
269,26368
269,12063
1009,6775
3119,7649
4368,9465
4368,8957
4614,1405
4792,5172
5848,19343
676,8532
858,8085
1814,9229
2754,11196
4344,13669
4349,9022
4349,8954
2134,2455
2252,18984
3051,4953
3111,15610
5265,8055
577,18755
577,14711
577,14712
577,13963
577,10241
577,6393
577,1719
577,1710
577,1707
577,1703
624,12768
1562,5547
3266,7183
5343,2538
5560,5554
5884,3736
5884,2667
838,10571
876,6553
1887,4184
2131,20641
2131,15052
3088,1113
3088,1114
4272,17784
4272,6236
4272,6148
4272,6095
4272,3859
4272,3860
4272,3861
4272,3552
4272,1967
4272,1780
4272,1705
4272,1064
4706,7462
4706,3014
4706,2662
4765,4079
6017,12700
201,26631
1922,9922
3388,24010
3388,21198
3388,20379
3388,19811
3388,18154
3388,12954
3388,12955
3388,12848
3388,9956
3388,8596
3388,7301
3388,5481
3388,5475
3388,5097
3388,2338
3388,2339
3388,2340
3388,2005
3529,20723
3806,12633
3841,2229
4081,7846
5911,6975
113,7730
257,9300
369,19178
369,14817
369,9996
369,7397
369,1501
369,1391
369,1251
702,22945
993,4424
1650,19498
4502,10932
5668,10149
6050,21508
1438,10258
1881,22034
2567,6876
4756,3511
4768,21149
5546,12613
2210,2293
2950,13333
3773,4649
3877,13367
4248,6247
4342,1369
4389,7346
5384,10300
3271,2986
3652,5204
4831,4353
178,9605
625,9774
1643,13706
1865,6918
2829,7726
2829,4329
3564,16628
5267,4296
5267,2610
1483,13317
1483,1562
1602,1265
2591,24585
2662,2016
2826,13147
2826,9146
2826,6804
2826,6440
3600,15204
3600,3741
4370,16146
496,11441
1876,3262
3489,1077
4333,3692
5520,16222
2995,2806
3761,4468
4049,9399
4049,1915
4666,26726
4917,11408
5198,3732
410,12776
455,2492
880,14898
880,14890
880,2196
880,2197
2573,23212
2573,9091
3006,4383
424,14246
1069,27074
1162,9914
1162,5078
1162,5079
1162,4304
1162,3509
1162,1576
3492,12050
3624,23361
3624,18267
3624,14856
3624,8418
4336,1246
4345,5749
4705,11786
4705,6279
4705,6069
5317,16860
5323,6823
5763,9105
5790,4636
175,9260
175,1865
175,1301
767,4535
902,6697
998,13145
1193,7584
1628,2380
1628,1368
2127,19610
2600,26142
2867,2582
3274,17071
5278,10326
193,5011
2039,8158
2039,4299
2201,20221
2201,19662
2201,11942
2201,5206
2201,4355
4440,316
4839,1504
5469,2365
655,25271
1210,1702
1844,20038
1934,4314
1934,2750
3689,6024
4260,5327
4450,13004
4519,19897
4762,19998
4762,14125
4762,11779
4870,3629
259,8417
949,8116
949,4126
1093,22499
1440,14562
1470,22925
2065,19502
2065,9104
2065,1935
4348,13769
5009,9066
5353,7556
449,17859
1146,10850
1568,27056
2584,22392
2704,9299
2885,4821
539,20249
1072,18811
1072,2327
1072,1755
5093,8493
570,3924
2616,8325
2782,11004
5533,21690
1011,11937
1011,9002
1011,7933
1011,6898
1011,6163
1156,15601
1156,3448
1173,10303
3015,3206
4580,20192
4814,19739
5345,10884
5529,1190
5850,23870
521,2331
2108,7577
2343,12819
3004,12877
3021,16703
3021,14152
3150,7229
5226,16698
157,4435
2144,13951
2821,15516
2821,4011
5496,20462
5743,20456
54,15094
708,3646
1338,13949
2633,13586
2633,13280
2633,2070
3697,26031
4042,5774
903,16691
2614,17214
2614,17183
2614,2126
2752,6885
2834,25471
2921,26702
3354,7986
3689,10488
757,16878
1153,10600
2387,17658
2442,2390
3374,15286
3374,10114
3374,8419
3374,3570
3374,2816
3374,2069
3374,1635
3828,20354
3828,9999
3828,9266
185,570
1110,19593
1378,1889
2019,23159
2019,14574
2019,11901
2019,11872
2019,10486
2019,10034
2019,9383
2019,6419
2019,5092
3036,14001
3269,7136
3443,9163
3883,5893
5441,17882
5641,18850
53,1626
410,15831
1869,8010
1869,6404
4399,1376
4592,4750
5459,22200
120,2945
2082,15955
2578,15674
4470,5679
4470,5213
5256,9965
5735,24552
233,4201
2380,12597
2768,3700
4355,7245
4880,8858
5323,4278
372,12057
506,10751
946,15966
946,11916
946,8941
946,8044
2510,17831
2510,7620
4073,7800
5782,20192
5929,19804
698,15094
1277,20979
1571,18222
1675,2671
1706,1429
1991,22201
1991,4727
1991,4368
1991,1423
2214,9931
2520,9467
3790,22925
4992,17170
4992,6529
5446,14645
5604,7582
5852,2177
5852,2174
5852,1885
2190,8882
3519,21313
3532,3056
3639,12892
77,7080
1385,5219
1529,6821
1607,7656
1689,16810
2978,24000
4772,9953
4772,7756
4772,1846
5435,2291
162,9277
576,10227
576,2569
576,2172
710,26220
710,21994
1658,3979
4197,4397
5128,17107
5252,9078
5474,6696
104,12161
159,18432
718,3964
1142,22817
1142,16283
4308,1657
5281,7588
5281,5085
5318,5902
5764,2249
5912,22792
1468,5596
3012,5736
3124,12403
3830,17471
4653,9731
2382,3673
3638,22397
3638,1827
4894,19183
4894,18251
4894,15485
4894,15486
4894,14796
4894,14191
4894,12625
4894,12036
4894,6977
4894,6948
4894,6941
4894,6593
4894,6594
4894,6422
4894,5681
4894,5149
4894,5084
4894,4845
4894,3259
4894,3260
4894,2369
4894,1987
4894,1857
5434,16401
188,3999
899,5443
3919,26603
4628,26328
4628,15858
4628,7863
5044,9717
5075,1561
5134,6792
5947,10346
2392,16527
2763,21384
3157,4734
3407,21753
3506,4258
4500,21349
4500,11634
4500,6630
4500,3806
4500,2144
5986,13093
5986,12141
5986,7545
5986,7037
5986,6486
5986,5880
5986,4759
969,17303
1204,19498
1316,12720
1741,4428
1938,6566
2495,2568
2960,2334
3332,5072
3332,1112
3332,1105
5148,14983
5148,2047
2,14181
1049,26009
1326,4975
1865,1563
2619,1718
4306,1242
410,14292
437,17690
866,1907
963,6016
1204,1351
1404,14297
1404,6552
4616,19714
4737,9537
4861,16025
4861,7147
1266,8757
3551,14908
4721,6006
5174,8271
2451,120
3901,19180
3901,6864
5340,1782
5887,7702
85,2056
1051,8724
1051,1462
1051,1359
2106,15983
2608,4933
2640,11678
4147,16558
5027,4834
5314,26223
1387,20535
2268,19969
3872,2308
3872,1490
5552,2526
784,1821
1352,11227
2329,4680
2540,3198
2926,13889
3249,4750
4062,4839
505,5364
505,1938
1865,3738
2803,20352
4033,17224
4786,12453
4929,11399
5556,19507
5740,9503
1130,5611
1308,24097
2366,2748
3702,17718
3785,7910
4511,6030
332,16727
1548,18448
2233,8163
2233,6827
2233,5325
2536,2117
3027,17403
1347,9082
1895,9159
2844,14395
5283,11461
2179,3927
3457,5536
3457,3471
3457,3472
555,15318
719,4151
719,3803
1441,2983
2603,7011
2651,9099
2651,7808
3327,25160
3804,6190
4752,10033
5020,20896
1030,11754
1154,20046
1270,26631
1436,2435
1436,2436
1436,1785
1863,4715
2643,1968
3251,9754
3931,3140
4077,22497
4378,11446
4534,1792
60,2852
1465,4094
1914,9787
3303,9627
5392,15262
5392,14585
5392,9506
5392,8592
5392,5512
5475,10681
5475,2419
6043,23367
629,12360
2418,21284
2418,21285
2418,8052
2418,8008
2418,7679
2418,6317
3279,8870
3426,4127
5202,17084
5668,5112
5836,4340
292,12362
548,22545
976,3060
976,3061
2261,26058
2281,12053
2676,11748
2924,20322
2924,14320
4261,4287
4683,23249
4683,8051
5817,24015
1188,2765
1452,15197
1452,5232
1452,4232
1664,2538
2592,9562
3725,15440
3725,12977
3725,12122
3725,8600
3741,7833
5448,13382
5448,6635
5448,4979
5757,8980
5757,2989
5757,2594
4075,2733
5800,3486
42,1655
86,9870
1034,11613
1158,3180
1242,3210
1377,13594
1497,2465
1990,7709
2028,2332
2337,12172
2502,5841
2847,11014
3984,11705
3984,9407
4003,21620
4003,1527
4803,2884
4815,15480
5339,5527
215,1649
464,4541
1506,1872
2103,2050
2181,25513
2181,8649
2695,4954
3701,6764
1133,19066
1197,12732
1817,18604
2760,11848
3619,23748
4577,8300
4787,5238
5162,2071
5998,18443
294,2531
294,2532
2156,2507
4313,6302
5801,22661
5903,16107
5903,14629
5903,14116
63,8991
228,6937
816,10586
2232,7287
2232,3271
2232,3006
4948,9836
5734,21393
5734,21398
5734,21399
5734,21403
5734,4681
5734,4682
5734,1945
589,8809
589,6075
627,3833
681,4607
760,7242
924,22910
924,17304
924,14405
924,7646
3072,10302
3213,8782
3349,18324
3896,25692
4416,5340
4416,1310
4864,1824
59,6683
753,8798
1193,25276
1193,11393
1226,1338
3984,8850
3984,8619
3984,8328
3984,8256
3984,7982
4435,4470
5374,2474
5802,2593
1796,2290
2009,2689
2285,1854
2953,20932
4004,7768
4143,11382
4302,15756
5646,16105
14,9168
593,526
2236,27058
2236,27061
2236,12585
2646,6356
2983,16335
3306,16403
3522,11629
4351,26676
4351,24928
4351,24139
4351,18827
4438,15402
4438,1371
5745,4755
3591,24682
3591,10510
3591,7297
3591,3811
4216,9573
4216,1163
5134,24256
5134,17574
5134,17092
5134,10767
5134,8834
5134,7692
114,7152
531,24643
531,23962
802,6801
1081,9067
1382,8319
2832,4595
2832,2076
2832,1713
3161,7636
5363,11178
5406,4512
704,8177
4573,14866
4573,2534
4621,23410
5221,4885
5724,24591
5724,16994
1015,9516
2135,2275
2331,9622
3217,3097
5207,15068
3071,4107
3655,5422
5034,23926
5034,15473
5034,10840
5273,3772
794,2745
1655,5692
1655,5693
1655,2184
2042,9284
2070,4730
2212,3366
2213,14581
5690,15238
513,5780
1188,11199
2496,6857
2865,16911
1212,16228
1690,20754
1750,7113
2335,3933
2560,10010
2854,5398
3308,8498
4267,13519
4267,10389
4267,8475
4267,2477
4267,1895
4267,1754
4267,1316
4899,16680
5994,26517
5994,24955
5994,24655
5994,23855
5994,22188
1697,14774
1770,7701
2516,4827
2956,1520
3062,15625
3445,1100
4384,3637
4572,2908
4572,1015
4629,26832
4841,1769
4841,1247
118,9376
1111,2232
1729,2182
2018,14799
2389,7376
2389,2941
2389,2151
3340,1822
3734,17715
1,4704
1,1317
128,8148
265,6979
265,3165
265,2156
265,1457
2296,20177
2296,4719
2569,6818
2702,19774
4025,19788
4982,7378
5806,2285
67,2943
67,2723
1417,14313
2367,7638
3243,2995
5105,14058
607,13292
1202,11499
3334,22024
4044,10047
5175,15793
26,12303
493,16157
786,2651
1085,4121
1085,1730
1087,2953
1764,9726
1764,4632
1764,3796
1764,2658
1764,628
2879,10482
2950,5559
3674,16503
5471,7931
5580,3870
5999,22564
2521,4104
2758,3235
2804,2448
2985,22076
2985,10947
2985,7198
2985,7068
2985,6342
5785,10265
5785,9056
909,19195
1035,17193
2556,2565
2594,1269
2734,7018
3255,20192
3865,14829
3881,11892
5380,4818
5537,1659
581,1380
5354,4280
5354,4282
5354,2719
1039,2451
1177,7303
1225,2768
3280,10611
3424,15578
3515,9730
3515,6156
3836,6895
4733,5414
4733,1613
5260,23410
678,15786
2198,5003
2568,23603
2568,7628
1494,4103
1648,4715
2280,18082
2280,7554
3493,11556
4353,10151
1028,8184
1037,9772
1121,5671
1138,10828
1513,12556
2816,5312
4673,8776
4673,4547
4698,6897
4698,3132
4959,681
51,2356
1077,2243
1284,3679
3423,25547
3879,4556
4185,10360
5356,26968
720,21256
1487,24488
1662,2570
2103,11199
2140,12896
3907,15562
4304,12724
5840,5988
6012,21508
1863,1883
2460,6437
5254,11446
5493,6192
364,24881
3667,7000
4771,99
5951,2554
1107,20132
1511,4409
1788,1452
3800,14626
801,19724
1345,1506
1345,1503
4660,2931
4909,8048
5960,4978
429,13456
688,12521
688,12508
688,2004
688,1569
905,7364
2488,10207
2845,14471
4087,21177
6033,20303
122,14631
668,8305
2081,9175
2338,19299
3559,9279
3559,7529
4319,8582
5524,1622
5524,1559
5695,13095
203,19968
203,10763
262,5373
436,12620
588,815
1060,14949
1060,14920
1060,10473
1765,13670
1765,4677
2050,2078
2225,20405
3676,6178
3762,14647
5011,3451
504,8601
590,2453
1066,4900
1219,1481
1712,12211
1712,12213
1712,11666
1712,10672
1712,10546
1712,10243
1712,10162
1712,10163
1712,9967
1712,9757
1947,7218
2823,10453
3007,5027
3849,13632
4035,11280
440,7063
926,4683
1053,3781
3091,19652
3567,2180
482,16578
743,3145
1157,19260
2859,17224
3440,3909
4119,4317
5693,3401
5820,6263
5861,8621
5861,1777
701,7805
1988,10153
2130,13736
3540,2396
3831,13548
4114,16638
4234,2686
4763,10267
4763,7197
5270,7048
5539,1540
5833,7256
6045,19237
6045,12233
90,6640
198,19313
198,15640
198,7537
198,5597
631,6140
1816,14233
1816,3654
3626,7665
3626,7407
2454,3665
6021,22434
6021,17842
477,1331
1656,24296
1704,24259
3383,18392
3383,17343
5699,13302
5927,8512
1371,1212
1535,21755
1890,12577
3403,1937
5062,538
5169,15607
1094,3708
1593,11497
1601,9939
1601,2143
1601,2133
1601,2134
1601,2131
1601,1266
2550,300
3732,5082
4341,4770
5126,6690
93,6386
556,5277
556,2204
556,1843
1176,2282
1719,11181
1746,19855
1746,12821
2506,26344
2506,8610
4320,9560
5308,18268
5780,10816
6067,19002
2186,8266
2186,7393
3798,23445
3832,22313
3832,14965
3832,14185
3832,9631
3832,7352
3873,11494
3950,11555
4140,24861
4168,10879
5000,15964
254,14600
3463,9782
4766,1692
4766,1693
4941,18240
4475,9028
4712,7027
4932,9935
87,26595
836,15998
2025,9186
2882,12958
3476,15565
4934,10053
534,5008
1166,14019
1853,20512
2087,14852
2457,1595
2900,3817
31,19625
600,23303
691,2978
1672,2271
2355,16357
2374,18806
4982,26772
5262,6882
5279,11747
368,23647
643,11927
643,4625
1257,5977
3257,10133
3878,14333
5158,20494
5387,13197
5931,2939
2855,22132
2855,15962
2855,10715
3797,2513
4496,11146
4942,4333
5494,3435
1335,10887
1335,5823
1566,14753
5301,1511
5624,8732
5624,2358
5779,8692
417,4288
661,26295
1660,12487
2909,17704
3404,2542
3442,26767
3442,319
6044,25450
6044,24040
414,3785
675,6085
1248,1126
1606,24617
2258,11952
2587,18743
4902,21237
601,10528
680,7035
975,5549
1073,10520
1640,26919
3018,3202
4807,21964
5048,3988
5324,1834
5991,16024
5991,7995
376,3081
579,5174
1716,7179
1749,26534
1749,13852
1749,13332
1749,4043
1749,2737
1749,2202
1749,1699
2177,6490
2773,854
3355,16860
3595,2406
3753,12899
5707,6925
1235,2088
1456,15499
2027,10228
2610,13100
2610,7942
2610,2760
2610,2389
2610,2008
2610,1732
3363,10458
4538,6500
129,4404
583,19770
583,15776
583,9594
583,3869
583,1601
1279,4165
1287,6909
2104,3507
2235,17605
3200,9682
3553,14511
5720,8842
18,24850
18,4218
18,3353
18,2970
18,2242
18,2219
18,1942
527,4184
2899,6753
2899,3269
3346,6861
5813,1308
326,7958
3059,717
3551,12266
1143,1542
1819,4044
1879,5173
2477,2711
3377,2515
4793,4750
5971,18241
386,4273
1129,7721
2051,10702
3921,5666
4017,14499
4517,3752
4851,9447
5253,11903
5253,6497
5810,22515
115,6290
353,13372
353,7651
353,7425
353,7415
353,2769
353,1979
353,1980
353,1801
353,1484
1970,4514
2347,6241
2820,3361
3988,5788
4662,12917
4662,10764
4662,10726
4662,237
4662,211
5226,3417
5919,4465
862,18521
1724,15126
1790,2939
2197,7418
2257,4062
3070,16393
3129,2921
3152,24144
5359,6048
1999,4700
3210,26406
3210,22145
3210,7735
3210,4446
3542,11132
3843,15652
4274,23978
4711,17974
4972,3662
4972,3514
856,17909
856,9635
1117,6152
1339,8936
2703,3081
2907,9588
3876,3214
3898,3976
4054,15804
4720,3166
5504,2539
5696,13411
746,10019
814,6889
1490,14071
3246,6414
4936,6654
476,15562
2843,16145
4250,10321
346,8854
346,2395
412,1568
2583,22825
2708,5355
3623,9765
5145,13251
5572,3292
1259,1706
1728,1872
2878,5863
4021,8554
5251,2027
360,25352
1088,14011
2439,9865
2439,7293
4011,26074
4227,11453
4227,5654
4656,12092
431,7040
761,15996
761,8003
2043,24259
2607,11182
3046,15634
5295,2130
758,7382
2007,1108
3328,5205
4676,26658
4676,2550
5367,3484
433,13683
433,11524
3659,7772
3659,2085
3659,1662
3848,24680
4242,24952
4664,16011
5398,17563
5973,9292
240,7778
1108,1406
2336,26134
2336,13579
4585,3733
5232,1892
5737,18552
1102,4300
1946,10379
1946,10380
3367,9610
3367,9602
3367,9596
3367,9592
3367,9569
3367,3577
3367,3190
3367,3191
3367,3192
3367,3125
5629,19983
5886,2351
694,18772
696,1431
721,3863
721,3838
721,2207
2226,10100
2279,2266
2912,7661
4397,4803
4937,18081
4937,7214
5284,1370
5361,24387
61,11369
61,7351
281,9329
604,3672
839,19085
2404,18764
2404,12813
2432,11296
2609,9876
5517,17344
1083,2250
1898,9250
1898,8124
1898,3141
2570,6553
2868,12501
3189,14767
3189,1335
3285,10834
4175,18673
4694,2089
5793,11820
2040,455
3446,22566
3446,6546
4547,10808
4896,12149
4896,8178
5249,17416
5249,1488
5464,13042
6015,25236
6015,22435
6015,18209
194,5373
498,5907
544,2261
1482,9539
2381,6988
335,14954
1090,8042
1288,26236
2223,11091
2223,8435
2223,3337
3005,9765
4111,2246
4136,8283
4718,13643
4718,2495
4718,1656
4975,14908
5321,4245
790,14458
790,9431
1499,9026
2306,18557
2357,6504
2948,14790
3159,10910
3763,8240
5847,18019
5847,8174
92,14625
1080,9380
1080,5192
1737,5260
2654,10865
3215,2323
3215,2212
3967,2563
3967,2034
5181,2243
1145,15797
1485,16633
2207,8850
2207,8619
2207,8328
2207,8256
2207,7982
2720,25127
2892,5680
4528,25875
4828,4505
5744,6158
2317,24357
2368,9000
2368,2679
2680,22073
3163,3382
5091,4139
1609,12517
1924,2272
3417,11801
4065,9991
4065,3648
5799,2606
2123,19649
5193,18455
5315,4506
6055,22091
1796,11402
1872,6607
2246,2808
2509,12248
2821,1570
5752,17619
658,3436
3538,14282
4269,14701
4587,9889
4587,8442
5206,12056
522,3655
1424,23202
1424,2811
2169,17994
2777,22606
3497,4388
3756,6425
2683,14608
3473,26729
3473,19442
3473,5049
4425,9765
5209,17436
120,2027
2339,26920
3202,2259
5112,7354
177,15002
177,6609
354,24380
460,7246
472,7607
632,15323
4735,9866
5549,3646
406,22740
406,18473
1431,13860
3724,8912
4135,2910
4148,4575
4393,1733
5397,14333
5463,16019
944,25097
3515,2895
3839,11051
3839,3216
1148,20456
2571,24170
2571,16998
2849,2906
2974,7528
2974,7173
2974,6932
3395,15984
4601,1663
4969,2491
120,21071
120,13298
1420,7034
1420,6319
1754,3273
3351,20859
3561,13545
3561,9895
3561,8889
3983,10060
15,11675
606,9281
2465,3370
2625,8421
2625,1556
3044,14332
3160,18637
3160,11507
3160,7100
3160,2749
3160,2014
3377,3791
1214,4179
1973,12832
2791,2747
4299,12797
4417,15544
5531,9403
396,10998
1451,4717
3644,14401
4020,8704
5005,5937
566,1588
772,13723
1064,1820
1322,25400
1322,16889
2886,2215
2895,7296
4310,8585
130,5929
1149,2825
2518,8126
3341,8038
3647,8513
3647,7151
4019,5261
4558,15000
1351,2920
3323,24483
3539,3300
3857,14040
3857,5585
3857,1209
3990,9264
3996,7448
5539,9404
3025,7725
3572,24588
3572,14434
3572,9793
3572,7963
3572,6723
3572,4585
4962,13686
4962,11774
5518,17890
5518,8221
2470,11956
4239,6588
4293,21339
4394,4186
492,6172
910,14068
1986,12739
2185,8265
3895,16438
3895,1959
5333,23676
5333,18960
3001,12749
4593,6811
4643,1802
4812,4152
1294,7335
1678,6193
2359,24780
2741,8074
3099,26584
3099,23656
3720,15044
4978,7555
5534,21690
57,3270
1501,9039
1501,2933
3011,10512
5841,13942
35,10145
636,4543
636,2616
3541,1994
4052,25561
4469,7321
4469,1850
4469,1715
5896,14489
5979,4733
5979,2227
430,24377
467,2280
1313,3512
1313,1493
1522,10484
1532,14793
2655,3360
2802,5832
3460,10272
3776,11668
3962,9402
4113,2080
4209,24535
4255,3606
5073,2948
5329,17227
5546,25643
5636,6765
5636,6760
5636,2119
146,3081
823,2935
1115,14781
2354,19007
2384,12259
2384,10067
2384,9685
2384,9507
2384,7201
2539,19531
2539,15235
2981,6605
4681,5163
4780,8878
5477,4164
28,3747
623,8294
1435,7940
1435,2694
1865,4854
1969,12980
1969,9716
2447,11370
3474,12189
1567,14495
2054,15603
3060,2583
4271,9203
1295,1325
1502,9446
3310,6389
3310,2074
5730,10172
105,15392
2775,4588
3069,22855
3893,4463
1612,26219
1810,3775
3033,14788
4563,6066
4684,23919
4684,8861
36,7671
1710,26801
1865,1883
2230,4725
2232,6876
2301,5697
3119,1968
3469,5070
3611,1599
4437,3357
5531,25643
5660,2518
552,12735
552,6535
654,16032
654,10088
654,7069
654,5879
654,5824
654,4557
1208,5394
2112,2903
4424,6590
5881,2460
5904,14333
1711,1680
1744,14461
1744,12723
3116,25158
3116,3754
3116,1778
3116,1344
5023,8822
5023,7566
5023,6459
5487,6698
425,3378
487,8073
1389,13398
1389,8863
1389,1326
2696,26441
4809,22644
5882,2562
618,9571
677,15472
3892,14587
3892,5514
3892,2830
4834,7394
5420,4790
5426,6331
5977,6356
1396,1537
3523,11376
4325,3059
4325,1840
5074,21072
5084,12823
5571,9090
5668,22591
773,12116
1760,10897
5052,9233
5179,24724
5588,19016
5933,14682
5933,8186
830,26264
830,24074
4484,25141
4640,2039
4894,11581
5633,8964
1330,7131
3184,17829
4098,8273
4170,25407
4170,4714
4170,1639
4170,1640
4170,1352
4328,9896
4328,1347
4328,1134
4328,1135
4328,1078
65,17962
1388,20171
1388,12074
1592,19732
1636,5112
3391,5231
3930,7348
4264,2393
4264,2300
4264,2301
4264,1740
4264,1426
893,11060
893,2035
1536,15298
1577,4254
2214,23553
2436,8136
2436,4829
3729,9860
4199,23417
4199,21225
4199,19725
4199,16139
4199,16140
4199,15956
4199,15649
4199,14909
4199,14667
4199,14059
4199,13463
4199,13104
4199,12966
4199,11921
4199,11269
4199,10967
4199,10276
4199,8751
4421,24604
4421,4014
4732,16400
4816,9662
500,10288
640,16334
5149,11745
5654,8573
1430,11791
1430,3307
1928,10928
2180,4618
3465,6791
5708,13003
204,17403
1203,15411
1643,11663
2264,9016
2443,4750
3764,11201
4110,16586
4766,21071
4766,13298
4911,10875
4911,10419
4911,2967
4911,2968
23,3524
23,1806
366,11563
366,8745
1194,9268
2524,9821
3866,26548
3866,17409
73,3119
73,3100
762,4690
959,23192
2712,5933
3106,14158
4931,20170
16,3091
1271,5955
3233,15063
3233,6574
3904,3279
4361,4089
5369,24510
363,9936
824,12820
1132,16876
1132,1985
1649,21861
1955,8960
5064,5170
196,7093
416,5697
1042,7271
2023,417
2126,8533
2126,2696
3287,2216
646,7499
1668,14835
1711,2618
3569,17692
4105,19756
4422,2846
4505,3142
5832,6155
459,24895
543,19219
724,6374
1136,10867
1261,2665
1646,13962
2044,2924
2697,10568
3718,25035
3855,18692
3855,9779
3855,8914
3855,1902
3855,1670
3855,1095
338,19073
1104,6176
1244,15799
4508,23083
4848,9227
4848,8618
4848,2289
4996,2954
4996,1244
4996,1238
4996,1239
5444,9449
5548,2429
722,23410
1553,6427
1599,2129
2125,26837
2125,1736
1496,17091
1949,5365
870,19189
870,9278
870,9263
870,5577
1954,6914
2613,23390
2613,17363
3578,17886
3578,9848
5300,12532
5300,9433
6059,13035
271,18000
906,14607
967,6793
1972,4940
2725,25029
3819,6613
5586,25798
5586,17618
305,16638
657,2865
657,2866
657,1410
2565,3000
3102,1878
333,2791
1427,11557
1427,9639
1540,2688
4510,14885
5663,4172
5944,6719
961,14077
1371,1476
1371,1210
1371,1211
2088,10752
2088,3809
2088,3705
3181,14360
3230,7598
3230,5133
3694,5086
3964,6950
5081,17914
5194,10051
5327,15055
791,19418
1360,14021
1360,2800
2034,25157
2332,2360
3885,2773
3897,17694
3967,2467
4923,2299
5808,8962
5808,8963
5822,12069
813,13395
1033,5318
1305,16594
1386,4792
1504,23807
1878,25697
2194,3807
4088,1906
5750,6476
80,20479
1555,17390
2853,23947
2853,23715
2853,21236
4853,9346
428,11758
428,2108
1666,14278
3237,21836
5422,1786
693,7615
929,7865
929,2017
1891,2231
4198,3458
953,2669
1159,8306
1332,1512
1882,5643
1967,8502
1967,2746
2379,19097
2593,6634
3915,6662
3943,5972
4760,10289
5123,26993
5123,15251
5564,24264
1600,1261
2205,3847
2710,9093
3270,13909
3270,11560
4182,9928
5390,9326
6032,24038
475,14678
1328,12719
1328,5521
2214,21072
2925,2192
2925,2193
4256,4377
2134,10440
2835,5933
4555,4780
4865,5285
637,4351
1470,20699
1824,5047
3219,2564
3844,7575
4436,13865
5203,6515
5609,18806
1152,2123
2058,5540
2579,12193
2665,14253
2805,12238
4141,11748
5416,14000
5424,4143
5635,8392
2794,16056
2794,13898
2794,13899
2794,13777
2794,13169
2794,13161
2794,13162
2794,12802
2794,12781
2794,11751
2794,10935
2794,10876
2794,9761
2794,9742
2794,8749
2794,8029
3387,5355
3392,16051
3899,2708
4626,3686
5054,13356
5609,21254
5609,17709
5609,15294
5609,14992
5609,14327
5609,13780
5609,13259
5609,12507
5609,10650
5609,9025
5609,8643
5609,7956
5609,7268
5609,7269
5609,6489
5609,5686
5609,4835
5609,4113
5609,3505
5609,3506
5609,2917
5609,1998
5609,1653
5609,1300
5609,1278
5609,1
448,9666
1199,25903
1865,4267
3302,26560
3627,4852
3649,8735
4439,24939
4439,14794
4439,8460
4439,7754
5526,9403
6036,26403
6036,17087
6036,15635
6036,13213
672,6429
1299,5742
1860,5139
4456,4675
4840,5021
1131,1245
1205,3019
1688,9389
4161,3318
4688,14908
4747,5856
4747,2653
5331,12180
6039,18191
2700,8420
3481,3031
5275,3841
5897,22415
6010,626
1371,1770
2642,11733
2642,2579
4745,11090
5348,26420
5473,14845
5473,14840
5473,14834
5473,1773
5497,9069
5731,24508
375,13348
520,4039
1589,14181
1685,6057
3023,12690
4185,13290
4193,4668
4317,14988
4317,8151
4317,4226
4485,25199
4485,20036
4777,610
1755,11797
3689,17753
4066,15629
4066,7496
4066,4129
351,20718
1027,14722
1426,14769
1426,8458
1863,3781
1863,3098
3458,4381
3458,1417
4030,13829
4030,13247
745,16514
2883,5643
4751,21372
4822,24310
5758,13508
5924,5832
1445,5939
1733,23295
1733,2718
2172,8484
3149,3771
3149,2286
3149,1842
5764,19976
5764,15308
5764,5980
5764,5740
5764,5102
5764,2869
5764,2294
5764,1955
5918,6862
1667,4460
2480,25095
2480,25046
2480,24988
2480,24656
2480,24590
2480,15789
2480,14707
2480,6483
2480,2975
2480,1904
2480,1844
2480,1832
2480,1817
2480,1807
2480,1796
2480,1776
2480,1654
2480,1459
3292,7763
3335,25743
3335,11994
3335,4728
4359,9095
4713,3688
4813,3223
4813,1225
5007,5685
5007,4455
5007,2121
239,1790
1047,14892
1778,26505
2973,12811
2973,8887
5728,22724
5917,8660
5917,6685
5934,4750
405,9595
1250,12195
1699,16161
1863,2648
1863,1315
1908,26814
2291,24472
2291,21437
2291,18822
2922,3234
2937,8338
3375,17808
5192,14701
1974,20601
3775,3894
3995,6645
4150,6161
5127,7905
5236,10737
491,8638
510,2856
1546,3027
2240,3808
1192,122
1517,1433
1930,26752
1930,11737
3227,21880
3227,13973
3227,755
4189,2040
4447,8015
4447,7004
4447,3521
293,19361
315,6032
524,14121
524,8182
1162,5852
1375,12400
1375,12401
1375,10377
3095,16331
3393,7919
3393,2427
3487,13970
4410,1092
4592,4152
4873,2664
1204,21740
1204,17746
1204,17710
1204,5335
1204,3188
1204,1741
1204,1742
1204,1729
1510,14672
2982,2697
3579,11693
3579,7277
3579,5682
3579,3780
3579,2762
3579,2073
3579,2054
3579,1585
2595,3947
3817,3294
37,8209
822,18885
3981,5830
5423,12185
5975,11993
478,3645
478,3115
587,9745
1114,3268
1195,2265
1758,14902
1931,7322
1931,2713
4775,11203
4775,9783
5818,7477
1808,7546
1885,2648
1885,1315
2151,12461
4192,12391
4568,3263
1359,5174
2345,6865
4126,9445
5077,11966
5472,5655
8,12857
1016,6144
1160,15665
2494,11513
2658,4962
2732,9299
3234,13433
3416,3694
3778,8190
4654,9664
5113,13841
5666,5252
1004,18770
1310,13048
1513,8281
1513,1288
1859,2988
2048,1276
2286,14972
2566,14577
2756,16638
3061,10344
3061,8800
3061,4180
4426,10577
334,3207
923,13359
923,6655
923,5209
3126,11888
3126,2772
4767,1570
5107,22947
5528,9404
844,8317
1241,6462
1537,9394
1608,18998
4395,12216
4647,7908
5156,5526
329,5518
396,3484
423,21017
1476,6475
1495,16009
1495,8334
1495,6557
1650,6930
4191,14831
4191,8525
4191,3203
4860,4523
367,9160
403,1758
2634,1808
2927,8341
2933,26671
3013,2226
4429,13270
4429,5922
4429,2799
4894,3864
5219,8622
5867,6400
908,15811
908,2861
1622,1128
1781,11193
1781,8763
3245,9601
4442,5761
4461,5458
5601,12046
358,19526
1753,14579
3543,11745
3609,8263
4606,12895
5220,7170
5855,23469
276,4588
289,20335
1726,19599
2187,19773
2187,1818
4497,77
4541,2072
5926,16989
6008,14045
1402,10603
2119,5363
2435,14964
3448,10337
4855,9844
4987,25645
5122,10102
5122,8948
5122,5580
947,7565
1048,16887
1381,2241
1653,8197
3307,3081
3760,7010
3968,5293
660,4998
660,4416
1074,9581
2441,7791
2959,7338
2959,4646
4382,6704
4556,16808
549,4490
1959,9253
1959,9108
1959,6333
1959,6170
1959,5730
1959,4855
1959,4856
1959,3537
1959,3538
1959,3332
1959,3325
1959,2359
2076,2011
2469,6902
3314,1738
3752,5754
4014,6561
4125,16276
4125,3315
107,18990
220,6094
345,15505
651,6641
2810,3903
3077,26964
3332,5082
3503,13578
4716,12680
4716,12670
5135,15359
5135,10523
5945,11157
1730,5610
2643,24174
4799,12581
6026,26441
413,10440
3616,3951
5309,10158
200,4538
200,4539
200,4540
200,2922
200,2882
200,2855
551,10941
1181,19023
1181,16230
1363,3651
1363,1422
2699,10294
3660,5466
843,16174
2696,10467
3835,2082
3835,1999
4085,3077
4085,1109
5095,9085
5570,3614
238,5043
956,19845
1476,16572
1850,4546
2622,12583
5255,2428
1021,9563
1894,14746
2164,7282
2164,7283
3228,12046
3953,2482
5419,11631
5968,7225
5968,5006
147,3637
670,2037
1757,5489
3958,7087
4371,23392
4371,17559
5336,7093
5830,10355
1106,5782
1366,18468
3658,8827
3789,19345
4364,11384
4661,6175
5271,2685
5930,13815
25,22021
2431,1510
4872,21936
4872,21811
4872,13172
4872,13051
4872,12763
4872,9954
4872,9335
4872,8114
4872,7578
4872,3805
279,24380
340,19582
1595,23121
3771,1836
4262,6699
5288,16461
169,2399
1054,1169
1340,15632
4038,20098
4038,16681
4247,24691
4247,8150
4247,1983
4247,1926
5488,2208
537,3030
1024,9933
1542,23975
1614,2981
2270,18725
3277,4189
3386,9158
3642,3174
3642,3177
5211,2802
5442,8833
5514,13261
341,1745
837,6410
911,16734
1684,14371
2166,15715
2166,12320
2166,9274
3802,24068
1809,7202
2000,5663
2003,14292
2856,6415
2859,2149
399,17417
453,14222
561,2182
1453,21206
3502,21585
2162,13697
3490,26123
3994,12328
5577,16440
942,5076
1480,453
1494,22746
1494,11889
1494,8160
1494,1800
1519,10871
1528,19391
1645,13269
1645,6981
1645,3110
1645,3024
1645,2966
1645,2942
1645,2918
1727,9153
1975,6525
2989,19473
3244,5646
4159,3368
6006,22567
1123,22090
1123,10291
2627,2614
3707,3427
5683,22611
5683,13582
5683,6721
142,18491
321,2182
977,7590
1050,6918
3344,12510
4365,2127
4557,4146
4564,5594
4564,2611
4725,1478
181,25633
201,22958
1081,13306
2690,14197
2690,2163
3104,2456
3104,1863
4257,1008
4904,13252
5753,15285
6027,24346
1832,11005
1833,2352
3682,9874
62,526
251,3261
356,24582
356,2185
1865,18167
1865,14154
1865,9794
1865,937
2263,3753
2421,3896
3636,15944
4499,21206
4849,3683
5125,23216
5159,7058
5505,2420
5505,1727
5505,987
5977,3081
2267,14566
3588,25590
3601,16711
439,12237
439,3746
439,3660
787,13487
2128,2804
546,26892
3330,1882
3888,19664
5108,12660
5883,8646
291,13458
291,9162
362,20719
1473,5520
1473,5321
1473,5315
1473,5039
1473,3962
1473,3558
1473,3411
1473,3055
1473,3051
2316,5855
2316,2273
3629,3239
4092,11654
4844,5857
5688,7764
5701,2030
5701,1860
5701,1544
5993,77
183,20079
183,9867
183,7395
312,8516
3083,2257
5284,2691
220,1920
1705,5966
2850,14802
3821,26123
868,19887
868,19225
868,19226
868,10435
1399,11121
1399,6487
1506,5570
1538,9773
1903,6505
1980,10187
4155,10066
4241,3310
1327,8409
1865,21906
1865,15722
3339,10605
4492,13353
4722,14609
4740,10260
5626,26839
267,7487
267,7362
267,6385
267,5651
267,5408
1591,25187
1591,9718
1624,5755
1768,9805
1983,9694
1983,6866
2686,3003
5674,13935
5674,13540
139,25317
139,3253
139,2415
139,2413
139,2269
139,1943
299,4437
585,15143
585,3553
4190,3867
5849,4955
19,5508
1170,21790
2586,21685
4905,7161
5851,8993
337,10716
1182,11196
3172,5319
6020,17222
393,8274
416,24365
416,16188
416,3163
515,8668
900,8857
900,3135
2350,11600
2939,9218
3421,10690
5151,2551
1492,13355
3029,24027
3029,8327
3029,5345
3029,4907
3826,2818
4679,6361
4843,13335
5092,7155
5720,8825
5720,7104
5720,3525
5838,2556
6030,26275
2022,10330
2022,9834
2022,8113
2022,5578
2022,5572
2022,4111
2022,2173
2022,1102
2638,17456
3420,18311
3420,17203
5275,3843
5275,2646
5597,12226
5842,17042
1626,3016
1626,1565
1626,1566
2558,2278
5303,5348
5671,1168
5671,1165
5671,1116
5111,15333
5311,8653
5395,2298
1414,13214
1557,12571
2333,3362
641,8212
917,12618
1092,7742
5585,3561
5585,3562
225,9805
788,8892
892,20902
1429,6278
1677,9483
3131,4398
3198,2525
4322,10020
5837,1495
6056,26929
536,17875
536,9669
536,4171
536,2349
536,1799
1410,1292
2259,5973
2356,17289
3728,7948
4479,11596
4894,20921
1406,10062
1406,5886
2344,7924
2994,8557
3663,10351
336,13831
1786,20652
2493,4190
2852,4311
2852,2849
2864,13693
2864,7413
2864,2915
2864,1952
2864,1686
2864,1580
3599,12551
3811,2678
4406,12290
4406,9070
244,12857
776,24709
1488,14277
3203,3798
4109,20314
4109,16251
5717,14784
420,6639
852,7085
1030,2824
1506,9640
1506,5952
1506,5954
1506,5950
1506,3856
1506,2179
2157,11480
2449,8380
3558,13842
4385,2654
3513,18943
4804,6673
5231,7113
1176,4424
1272,3382
2965,13302
3526,464
4115,19900
4115,19862
4549,9570
4928,3254
5470,5983
992,14624
992,6350
992,2018
992,1104
1091,2929
2399,13333
3136,12536
3459,8391
4645,17676
4766,17790
4875,5687
5204,1986
5637,7938
2031,24135
2701,12480
3047,23114
4163,9523
4501,15372
913,7135
2809,23169
3035,1628
3985,15211
5190,1761
309,5215
1815,2895
2992,15032
3714,4380
3714,4376
3714,4371
3714,4339
3714,4326
3714,4320
3714,4322
3759,11594
4801,12434
4801,5044
1001,12743
1001,4948
1506,3027
2005,4639
4746,3661
5634,4955
71,5413
1550,9856
2788,9093
3815,14228
5868,12884
3218,5017
1329,1444
2208,26223
3622,10951
3739,24956
3739,17384
5275,3847
5453,3085
1794,3697
2905,3810
494,1781
3754,1214
3754,1215
3754,1216
3754,1217
4321,8321
4321,5678
4321,2787
4321,2780
5245,18055
5393,8956
295,18390
317,16953
649,17946
649,15216
649,3490
649,2116
649,1708
819,7717
819,4106
1229,18654
1229,13819
1229,13807
1229,1941
1229,1608
1229,1472
1265,3497
2036,6664
2036,5359
2036,5360
2036,5361
2200,3836
2920,3076
3121,19092
3867,10307
3867,9199
3867,6531
4669,3579
4669,3580
5289,3750
331,18096
616,4240
2167,3416
4408,7484
56,2190
56,1804
56,1437
563,17348
5008,10464
5729,9729
48,7615
132,24728
132,24186
132,22202
132,301
3216,17352
4138,12321
4138,12198
5039,14029
5039,1541
5988,2168
1384,6632
3002,5069
3002,2412
3381,4902
4507,14736
4507,14737
5546,21690
5651,6823
958,11966
1659,7274
1761,650
3360,2077
3520,5299
3520,4565
3929,354
172,4343
197,13576
1732,10702
4010,2693
4444,8743
4933,2279
5017,9741
5053,8530
5725,2642
5844,7086
894,4860
1372,2142
1675,4058
4374,27008
1416,9831
1416,7204
1774,15051
1774,8173
3488,15577
4043,20192
5400,2368
5500,6974
5652,2927
5659,9553
176,10015
635,7621
1743,2284
1865,19822
2991,8487
2991,6250
2991,2052
2991,1645
2991,1646
2991,1558
3199,4150
4132,4255
4132,2325
5432,15556
5966,8218
5966,2253
5966,1664
6063,26280
44,6910
44,3129
1354,2574
1863,11278
1863,7994
2716,11748
3411,5535
3411,1779
3653,7739
3653,7257
4297,5710
416,2455
2476,22737
2482,15552
2482,15265
4246,18958
5625,6357
5698,11252
965,9358
965,8146
965,7868
965,7187
965,7115
965,6755
965,5525
965,4816
965,4810
965,4054
965,4055
965,3839
965,3644
965,3492
1654,10139
2445,10153
2534,21794
3108,8796
3108,3213
3108,1951
3353,5425
3672,3619
3855,1212
4584,8939
4584,8576
33,10551
866,10388
866,9285
866,9258
866,8157
866,6001
866,5815
866,3792
866,2309
866,1694
866,1674
866,1609
866,1604
866,1606
866,1607
1374,4124
3547,8413
4210,1770
153,8493
168,3842
168,3703
1369,17033
1586,15611
1586,10280
1586,6316
1673,1570
2361,12647
2361,10942
2361,4766
2361,2493
2548,2
2767,12630
3606,8068
3606,4518
3606,3823
3927,2597
4553,3571
4553,3572
4553,2734
4553,2376
4553,1845
4553,1784
4553,1157
4757,8799
5769,1475
64,8226
323,7931
2721,1365
4388,18562
4464,2572
4464,2113
5905,9765
879,1365
1478,8688
2133,7718
2553,4202
184,20660
184,530
402,11999
1128,9058
1953,9821
2513,21544
2861,6303
2949,8304
3276,3308
3331,12415
5451,9805
5602,12676
778,4571
778,2504
1070,2929
1162,4854
3174,15494
5225,13688
5225,10124
10,13893
10,9522
10,1879
126,17362
126,11550
573,12335
1080,7809
2026,5699
2326,14014
3435,25198
3435,21991
3435,19304
3435,15187
3435,12414
3435,4331
3928,10714
5114,2753
5456,11131
5501,5505
1320,12869
1751,11730
1865,8720
2152,18767
2165,26236
2244,1982
2797,14650
2968,7207
4858,11003
4858,10206
166,20720
363,9242
1977,8626
4838,14735
5714,2776
173,4324
1708,15501
1708,4785
1708,4426
1708,3343
2185,3476
3750,1268
4357,11187
4460,1676
1363,3563
2096,4015
4892,18448
5095,14077
572,14732
572,11864
3713,6946
3713,3608
3713,932
4785,9542
5607,2894
273,9797
300,4433
982,2141
2871,26242
4674,2162
5519,1353
5519,1173
5872,5068
5964,1934
17,20937
17,15915
17,15439
17,8223
17,2494
194,5182
194,5180
194,5115
194,5046
194,4136
194,3536
194,3386
2134,13626
2134,10649
2134,7045
2134,1296
2134,1208
2134,1197
2134,1170
4625,3199
4961,21976
4961,14452
4961,8768
4997,8655
4997,6628
2113,5328
3550,23102
3550,503
4215,8591
6001,18928
416,21054
416,2502
416,394
1458,17211
2229,11826
2409,20360
2951,11176
5178,8613
5355,13357
5355,5829
5355,2087
1012,6833
1126,5672
426,16075
554,6324
919,3440
1762,7703
2141,1826
3858,10931
5843,21513
61,9727
1327,11416
1327,7083
1327,6933
1327,5645
1327,4457
2202,24014
2202,9929
2273,6571
3180,16542
3180,5639
3236,972
4719,6467
597,15296
1561,9790
1642,10945
1642,9638
5495,3495
5550,5979
6058,20448
3690,9837
3982,16224
119,24368
1233,12262
1233,10439
1233,5249
1233,1898
1373,3717
1533,3109
1598,20121
2107,22003
2783,4526
3265,21805
1010,7784
1118,4233
2341,19185
2484,9067
2958,5354
3128,23979
3128,19755
3128,18261
3410,10492
3410,3975
3594,2586
3696,14700
4620,3426
2929,3700
4233,18370
4755,2605
221,10945
221,9638
591,11059
781,1286
954,17253
1236,17198
1740,11793
1849,3773
1987,10859
2046,3292
2786,23625
2786,7165
2786,4997
4598,9165
5313,4573
1679,5326
2402,5349
3467,10973
4481,6673
4602,2937
5914,8582
730,11395
1856,11932
2374,1681
2374,1283
2900,26371
2900,25534
2900,24279
2900,24168
2900,22500
2900,22297
2900,19695
2900,18821
2900,16127
2900,15459
2900,15259
2900,15221
2900,15222
2900,15223
2900,14661
2900,14373
2900,14199
2900,12572
2900,11682
2900,11683
2900,11684
2900,10738
2900,10075
2900,9005
2900,7654
2900,7328
2900,7181
2900,6990
2900,6332
2900,5803
2900,5804
2900,5294
2900,5221
2900,4511
2900,4196
2900,3293
2900,2873
5899,2519
884,14200
884,5860
884,1425
1063,26149
2182,18324
3936,6705
5555,17016
5555,2510
770,14872
840,4474
860,3314
2097,1269
2373,18404
2836,15736
3948,17226
3948,11871
3948,10576
3948,8159
3948,4279
3948,3217
4220,9549
5287,8451
5628,23437
1306,3715
1491,21031
1491,7492
1836,2996
4195,12808
4744,6421
5117,10404
6047,22935
275,9948
940,9439
2184,5101
2385,3371
2462,10398
4194,20345
5357,3767
58,5091
3210,20479
4490,18681
4490,16788
4490,279
1616,14444
2542,5423
2542,1447
3076,15303
3430,4102
4703,18977
4703,2446
4727,12058
617,18116
617,6666
645,4747
2801,20293
2801,17175
3009,4957
3822,8314
3977,15080
4916,1539
4916,1424
5216,13746
302,1721
1318,3035
1585,3167
1886,6883
2314,18919
3263,5613
4179,17144
4179,17108
4179,17018
4179,16980
4179,2853
4179,2854
479,2554
1629,16556
2602,5255
2602,5247
3142,4573
3786,17223
3786,16990
3786,16396
4127,13062
5601,22946
5751,19888
5751,9911
158,18013
1865,10699
2134,18772
2815,21154
3256,18859
4603,6771
507,19067
1007,8303
1787,1435
2562,2175
3045,11698
1081,20343
1081,11591
3343,3231
4162,2270
1777,14665
1978,3895
3050,6762
3413,4750
3793,9837
4008,26535
4164,8207
4164,5073
2976,17071
3801,2009
3801,1573
4108,3615
4663,3750
5784,180
207,10220
582,2146
1863,18167
1863,14154
1863,9794
1863,937
3079,21579
3079,7916
3079,2533
3113,20267
3113,5137
3113,2400
3156,24080
4599,14429
4599,5429
4835,6944
5150,14543
5150,13109
3810,9320
3810,7781
5859,7048
972,7259
981,18101
1122,17587
1122,9715
2931,26962
2931,22673
2931,7696
2931,7697
2931,4259
2931,3128
5233,2604
297,7392
297,7383
297,2347
2206,10202
2245,9095
2266,2601
3191,22123
4632,2590
4700,4991
4981,15378
5120,1515
5479,2626
5587,8856
5587,3656
771,14544
1615,17863
1615,17856
1939,12196
6005,25569
6005,25216
6005,19298
514,3130
3970,8654
3970,4277
3970,3432
4076,4521
4529,18459
5665,2609
5871,2523
883,4441
1961,1680
5276,2354
5276,1875
5541,3646
9,3382
253,244
835,16684
878,20556
934,19768
2458,7936
2458,1923
2486,4696
2486,1304
2841,8230
2841,4568
4743,12203
4826,1455
4998,10742
666,1250
970,12784
1932,5065
1994,3531
2390,15824
3688,25780
5742,7340
2499,7481
2499,7482
2729,4573
286,11584
2918,5086
2993,11196
3087,7949
3087,1932
3087,1072
5858,12830
1734,3242
1863,9965
2116,14865
2137,20132
2724,4250
2790,2671
4027,23713
4204,10565
4236,25644
4236,13177
4236,12801
4236,7568
4350,13513
4350,4679
4350,4671
4350,2499
4648,5902
230,25982
230,7900
230,7766
230,6853
230,5050
230,3116
230,1473
1752,11663
2237,8167
3122,7162
1805,4974
1866,1403
1866,1213
1885,7203
2620,1111
4278,7782
4278,1971
5057,25327
1067,13870
1067,13517
1067,12775
1067,12163
1067,11780
1290,19064
1317,2702
3796,11308
5526,9404
5673,4633
5678,16641
339,21551
811,12372
1067,5611
1449,9111
2220,5071
3155,3328
3247,21478
3247,19175
4174,7876
483,14742
483,8430
957,2709
1715,21729
1803,7174
1803,6397
5042,6334
5531,3813
